[28Sep2024 12:40:56.116] [main/INFO] [cpw.mods.modlauncher.Launcher/MODLAUNCHER]: ModLauncher running: args [--launchTarget, forgeclientuserdev, --version, 21.1.35, --assetIndex, asset-index, --assetsDir, D:\jais\.gradle\caches\minecraft\assets\1.21.1, --gameDir, ., --fml.neoForgeVersion, 21.1.35, --fml.fmlVersion, 4.0.24, --fml.mcVersion, 1.21.1, --fml.neoFormVersion, 20240808.144430]
[28Sep2024 12:40:56.124] [main/INFO] [cpw.mods.modlauncher.Launcher/MODLAUNCHER]: JVM identified as Amazon.com Inc. OpenJDK 64-Bit Server VM 21.0.3+9-LTS
[28Sep2024 12:40:56.129] [main/INFO] [cpw.mods.modlauncher.Launcher/MODLAUNCHER]: ModLauncher 11.0.4+main.d2e20e43 starting: java version 21.0.3 by Amazon.com Inc.; OS Windows 10 arch amd64 version 10.0
[28Sep2024 12:40:56.185] [main/DEBUG] [cpw.mods.modlauncher.LaunchServiceHandler/MODLAUNCHER]: Found launch services [minecraft,forgeclient,forgedatauserdev,testharness,forgeserverdev,forgeserveruserdev,forgejunitdev,forgeclientdev,forgeclientuserdev,forgeserver,forgejunituserdev,forgedatadev]
[28Sep2024 12:40:56.229] [main/DEBUG] [cpw.mods.modlauncher.LaunchPluginHandler/MODLAUNCHER]: Found launch plugins: [mixin,slf4jfixer,runtime_enum_extender,accesstransformer,runtimedistcleaner]
[28Sep2024 12:40:56.250] [main/DEBUG] [cpw.mods.modlauncher.TransformationServicesHandler/MODLAUNCHER]: Discovering transformation services
[28Sep2024 12:40:56.259] [main/DEBUG] [net.neoforged.fml.loading.FMLPaths/CORE]: Path GAMEDIR is D:\jais\projects\everythingcopper-1.19\runs\client
[28Sep2024 12:40:56.260] [main/DEBUG] [net.neoforged.fml.loading.FMLPaths/CORE]: Path MODSDIR is D:\jais\projects\everythingcopper-1.19\runs\client\mods
[28Sep2024 12:40:56.260] [main/DEBUG] [net.neoforged.fml.loading.FMLPaths/CORE]: Path CONFIGDIR is D:\jais\projects\everythingcopper-1.19\runs\client\config
[28Sep2024 12:40:56.260] [main/DEBUG] [net.neoforged.fml.loading.FMLPaths/CORE]: Path FMLCONFIG is D:\jais\projects\everythingcopper-1.19\runs\client\config\fml.toml
[28Sep2024 12:40:56.361] [main/TRACE] [net.neoforged.fml.loading.FMLConfig/CORE]: Loaded FML config from D:\jais\projects\everythingcopper-1.19\runs\client\config\fml.toml
[28Sep2024 12:40:56.362] [main/TRACE] [net.neoforged.fml.loading.FMLConfig/CORE]: FMLConfig disableConfigWatcher is false
[28Sep2024 12:40:56.362] [main/TRACE] [net.neoforged.fml.loading.FMLConfig/CORE]: FMLConfig earlyWindowControl is true
[28Sep2024 12:40:56.362] [main/TRACE] [net.neoforged.fml.loading.FMLConfig/CORE]: FMLConfig maxThreads is 8
[28Sep2024 12:40:56.362] [main/TRACE] [net.neoforged.fml.loading.FMLConfig/CORE]: FMLConfig versionCheck is true
[28Sep2024 12:40:56.363] [main/TRACE] [net.neoforged.fml.loading.FMLConfig/CORE]: FMLConfig defaultConfigPath is defaultconfigs
[28Sep2024 12:40:56.363] [main/TRACE] [net.neoforged.fml.loading.FMLConfig/CORE]: FMLConfig disableOptimizedDFU is true
[28Sep2024 12:40:56.363] [main/TRACE] [net.neoforged.fml.loading.FMLConfig/CORE]: FMLConfig earlyWindowProvider is fmlearlywindow
[28Sep2024 12:40:56.363] [main/TRACE] [net.neoforged.fml.loading.FMLConfig/CORE]: FMLConfig earlyWindowWidth is 854
[28Sep2024 12:40:56.363] [main/TRACE] [net.neoforged.fml.loading.FMLConfig/CORE]: FMLConfig earlyWindowHeight is 480
[28Sep2024 12:40:56.363] [main/TRACE] [net.neoforged.fml.loading.FMLConfig/CORE]: FMLConfig earlyWindowFBScale is 1
[28Sep2024 12:40:56.363] [main/TRACE] [net.neoforged.fml.loading.FMLConfig/CORE]: FMLConfig earlyWindowMaximized is false
[28Sep2024 12:40:56.364] [main/TRACE] [net.neoforged.fml.loading.FMLConfig/CORE]: FMLConfig earlyWindowSkipGLVersions is []
[28Sep2024 12:40:56.364] [main/TRACE] [net.neoforged.fml.loading.FMLConfig/CORE]: FMLConfig earlyWindowSquir is false
[28Sep2024 12:40:56.382] [main/DEBUG] [net.neoforged.fml.loading.targets.CommonLaunchHandler/CORE]: Got mod coordinates everythingcopper-1.19%%D:\jais\projects\everythingcopper-1.19\build\resources\main;everythingcopper-1.19%%D:\jais\projects\everythingcopper-1.19\build\classes\java\main from env
[28Sep2024 12:40:56.385] [main/DEBUG] [net.neoforged.fml.loading.targets.CommonLaunchHandler/CORE]: Found supplied mod coordinates [{everythingcopper-1.19=[D:\jais\projects\everythingcopper-1.19\build\resources\main, D:\jais\projects\everythingcopper-1.19\build\classes\java\main]}]
[28Sep2024 12:40:56.391] [main/DEBUG] [cpw.mods.modlauncher.TransformationServicesHandler/MODLAUNCHER]: Found additional transformation services from discovery services: 
[28Sep2024 12:40:56.405] [main/INFO] [net.neoforged.fml.loading.ImmediateWindowHandler/]: Loading ImmediateWindowProvider fmlearlywindow
[28Sep2024 12:40:56.599] [main/INFO] [EARLYDISPLAY/]: Trying GL version 4.6
[28Sep2024 12:40:56.992] [main/INFO] [EARLYDISPLAY/]: Requested GL version 4.6 got version 4.6
[28Sep2024 12:40:57.061] [main/DEBUG] [cpw.mods.modlauncher.TransformationServicesHandler/MODLAUNCHER]: Found transformer services : [mixin,fml]
[28Sep2024 12:40:57.061] [main/DEBUG] [cpw.mods.modlauncher.TransformationServicesHandler/MODLAUNCHER]: Transformation services loading
[28Sep2024 12:40:57.062] [main/DEBUG] [cpw.mods.modlauncher.TransformationServiceDecorator/MODLAUNCHER]: Loading service mixin
[28Sep2024 12:40:57.062] [main/DEBUG] [cpw.mods.modlauncher.TransformationServiceDecorator/MODLAUNCHER]: Loaded service mixin
[28Sep2024 12:40:57.063] [main/DEBUG] [cpw.mods.modlauncher.TransformationServiceDecorator/MODLAUNCHER]: Loading service fml
[28Sep2024 12:40:57.064] [main/DEBUG] [net.neoforged.fml.loading.FMLLoader/CORE]: FML 4.0.24 loading
[28Sep2024 12:40:57.064] [main/DEBUG] [net.neoforged.fml.loading.FMLLoader/CORE]: FML found ModLauncher version : 11.0.4+main.d2e20e43
[28Sep2024 12:40:57.065] [main/DEBUG] [net.neoforged.fml.loading.FMLLoader/CORE]: FML found AccessTransformer version : 10.0.1+139da711
[28Sep2024 12:40:57.066] [main/DEBUG] [net.neoforged.fml.loading.FMLLoader/CORE]: FML found EventBus version : null
[28Sep2024 12:40:57.067] [main/DEBUG] [net.neoforged.fml.loading.FMLLoader/CORE]: Found Runtime Dist Cleaner
[28Sep2024 12:40:57.067] [main/DEBUG] [cpw.mods.modlauncher.TransformationServiceDecorator/MODLAUNCHER]: Loaded service fml
[28Sep2024 12:40:57.068] [main/DEBUG] [cpw.mods.modlauncher.TransformationServicesHandler/MODLAUNCHER]: Configuring option handling for services
[28Sep2024 12:40:57.096] [main/DEBUG] [net.neoforged.fml.loading.FMLServiceProvider/CORE]: Received command line version data  : VersionInfo[neoForgeVersion=21.1.35, fmlVersion=4.0.24, mcVersion=1.21.1, neoFormVersion=20240808.144430]
[28Sep2024 12:40:57.096] [main/DEBUG] [cpw.mods.modlauncher.TransformationServicesHandler/MODLAUNCHER]: Transformation services initializing
[28Sep2024 12:40:57.097] [main/DEBUG] [cpw.mods.modlauncher.TransformationServiceDecorator/MODLAUNCHER]: Initializing transformation service mixin
[28Sep2024 12:40:57.133] [main/DEBUG] [mixin/]: MixinService [ModLauncher] was successfully booted in cpw.mods.cl.ModuleClassLoader@548a102f
[28Sep2024 12:40:57.160] [main/INFO] [mixin/]: SpongePowered MIXIN Subsystem Version=0.8.7 Source=union:/D:/jais/.gradle/caches/modules-2/files-2.1/net.fabricmc/sponge-mixin/0.15.2+mixin.0.8.7/2af2f021d8e02a0220dc27a7a72b4666d66d44ca/sponge-mixin-0.15.2+mixin.0.8.7.jar%23135!/ Service=ModLauncher Env=CLIENT
[28Sep2024 12:40:57.165] [main/DEBUG] [mixin/]: Initialising Mixin Platform Manager
[28Sep2024 12:40:57.166] [main/DEBUG] [mixin/]: Adding mixin platform agents for container ModLauncher Root Container(ModLauncher:4f56a0a2)
[28Sep2024 12:40:57.167] [main/DEBUG] [mixin/]: Instancing new MixinPlatformAgentMinecraftForge for ModLauncher Root Container(ModLauncher:4f56a0a2)
[28Sep2024 12:40:57.168] [main/DEBUG] [mixin/]: MixinPlatformAgentMinecraftForge rejected container ModLauncher Root Container(ModLauncher:4f56a0a2)
[28Sep2024 12:40:57.169] [main/DEBUG] [mixin/]: Instancing new MixinPlatformAgentDefault for ModLauncher Root Container(ModLauncher:4f56a0a2)
[28Sep2024 12:40:57.169] [main/DEBUG] [mixin/]: MixinPlatformAgentDefault accepted container ModLauncher Root Container(ModLauncher:4f56a0a2)
[28Sep2024 12:40:57.172] [main/DEBUG] [cpw.mods.modlauncher.TransformationServiceDecorator/MODLAUNCHER]: Initialized transformation service mixin
[28Sep2024 12:40:57.172] [main/DEBUG] [cpw.mods.modlauncher.TransformationServiceDecorator/MODLAUNCHER]: Initializing transformation service fml
[28Sep2024 12:40:57.172] [main/DEBUG] [net.neoforged.fml.loading.FMLServiceProvider/CORE]: Setting up basic FML game directories
[28Sep2024 12:40:57.173] [main/DEBUG] [net.neoforged.fml.loading.FMLPaths/CORE]: Path GAMEDIR is D:\jais\projects\everythingcopper-1.19\runs\client
[28Sep2024 12:40:57.173] [main/DEBUG] [net.neoforged.fml.loading.FMLPaths/CORE]: Path MODSDIR is D:\jais\projects\everythingcopper-1.19\runs\client\mods
[28Sep2024 12:40:57.174] [main/DEBUG] [net.neoforged.fml.loading.FMLPaths/CORE]: Path CONFIGDIR is D:\jais\projects\everythingcopper-1.19\runs\client\config
[28Sep2024 12:40:57.174] [main/DEBUG] [net.neoforged.fml.loading.FMLPaths/CORE]: Path FMLCONFIG is D:\jais\projects\everythingcopper-1.19\runs\client\config\fml.toml
[28Sep2024 12:40:57.174] [main/DEBUG] [net.neoforged.fml.loading.FMLServiceProvider/CORE]: Loading configuration
[28Sep2024 12:40:57.179] [main/TRACE] [net.neoforged.fml.loading.FMLConfig/CORE]: Loaded FML config from D:\jais\projects\everythingcopper-1.19\runs\client\config\fml.toml
[28Sep2024 12:40:57.180] [main/TRACE] [net.neoforged.fml.loading.FMLConfig/CORE]: FMLConfig disableConfigWatcher is false
[28Sep2024 12:40:57.180] [main/TRACE] [net.neoforged.fml.loading.FMLConfig/CORE]: FMLConfig earlyWindowControl is true
[28Sep2024 12:40:57.180] [main/TRACE] [net.neoforged.fml.loading.FMLConfig/CORE]: FMLConfig maxThreads is 8
[28Sep2024 12:40:57.181] [main/TRACE] [net.neoforged.fml.loading.FMLConfig/CORE]: FMLConfig versionCheck is true
[28Sep2024 12:40:57.181] [main/TRACE] [net.neoforged.fml.loading.FMLConfig/CORE]: FMLConfig defaultConfigPath is defaultconfigs
[28Sep2024 12:40:57.181] [main/TRACE] [net.neoforged.fml.loading.FMLConfig/CORE]: FMLConfig disableOptimizedDFU is true
[28Sep2024 12:40:57.181] [main/TRACE] [net.neoforged.fml.loading.FMLConfig/CORE]: FMLConfig earlyWindowProvider is fmlearlywindow
[28Sep2024 12:40:57.181] [main/TRACE] [net.neoforged.fml.loading.FMLConfig/CORE]: FMLConfig earlyWindowWidth is 854
[28Sep2024 12:40:57.181] [main/TRACE] [net.neoforged.fml.loading.FMLConfig/CORE]: FMLConfig earlyWindowHeight is 480
[28Sep2024 12:40:57.182] [main/TRACE] [net.neoforged.fml.loading.FMLConfig/CORE]: FMLConfig earlyWindowFBScale is 1
[28Sep2024 12:40:57.182] [main/TRACE] [net.neoforged.fml.loading.FMLConfig/CORE]: FMLConfig earlyWindowMaximized is false
[28Sep2024 12:40:57.182] [main/TRACE] [net.neoforged.fml.loading.FMLConfig/CORE]: FMLConfig earlyWindowSkipGLVersions is []
[28Sep2024 12:40:57.182] [main/TRACE] [net.neoforged.fml.loading.FMLConfig/CORE]: FMLConfig earlyWindowSquir is false
[28Sep2024 12:40:57.186] [main/DEBUG] [net.neoforged.fml.loading.LaunchContext/SCAN]: Located paths when launch context was created: [D:\jais\.gradle\caches\modules-2\files-2.1\org.codehaus.plexus\plexus-utils\3.3.0\cf43b5391de623b36fe066a21127baef82c64022\plexus-utils-3.3.0.jar, D:\jais\.gradle\caches\modules-2\files-2.1\com.google.j2objc\j2objc-annotations\2.8\c85270e307e7b822f1086b93689124b89768e273\j2objc-annotations-2.8.jar, D:\jais\.gradle\caches\modules-2\files-2.1\net.neoforged\mergetool\2.0.3\1275202cbbb248f49345cf6787ce299afd9a02fb\mergetool-2.0.3-api.jar, D:\jais\.gradle\caches\modules-2\files-2.1\org.antlr\antlr4-runtime\4.13.1\17125bae1d965624e265ef49552f6465a2bfa307\antlr4-runtime-4.13.1.jar, D:\jais\.gradle\caches\modules-2\files-2.1\net.neoforged.fancymodloader\earlydisplay\4.0.24\c1f79ceaefcb4c79dea89e969563718a2d5157f\earlydisplay-4.0.24.jar, D:\jais\.gradle\caches\modules-2\files-2.1\com.mojang\logging\1.2.7\24cb95ffb0e3433fd6e844c04e68009e504ca1c0\logging-1.2.7.jar, D:\jais\.gradle\caches\modules-2\files-2.1\com.google.guava\guava\32.1.2-jre\5e64ec7e056456bef3a4bc4c6fdaef71e8ab6318\guava-32.1.2-jre.jar, D:\jais\.gradle\caches\modules-2\files-2.1\org.lwjgl\lwjgl-jemalloc\3.3.3\b543467b7ff3c6920539a88ee602d34098628be5\lwjgl-jemalloc-3.3.3.jar, D:\jais\.gradle\caches\modules-2\files-2.1\com.google.guava\listenablefuture\9999.0-empty-to-avoid-conflict-with-guava\b421526c5f297295adef1c886e5246c39d4ac629\listenablefuture-9999.0-empty-to-avoid-conflict-with-guava.jar, D:\jais\.gradle\caches\modules-2\files-2.1\net.neoforged\coremods\7.0.3\9147e6f638b4272b3bd5fc8f92ad37802512c6c\coremods-7.0.3.jar, D:\jais\.gradle\caches\modules-2\files-2.1\net.neoforged\JarJarSelector\0.4.1\fb3cc7a58af22ad2880adb98af6d518128c47dae\JarJarSelector-0.4.1.jar, D:\jais\.gradle\caches\modules-2\files-2.1\net.java.dev.jna\jna\5.14.0\67bf3eaea4f0718cb376a181a629e5f88fa1c9dd\jna-5.14.0.jar, D:\jais\.gradle\caches\modules-2\files-2.1\org.lwjgl\lwjgl-glfw\3.3.3\efa1eb78c5ccd840e9f329717109b5e892d72f8e\lwjgl-glfw-3.3.3.jar, D:\jais\.gradle\caches\modules-2\files-2.1\io.netty\netty-codec\4.1.97.Final\384ba4d75670befbedb45c4d3b497a93639c206d\netty-codec-4.1.97.Final.jar, D:\jais\.gradle\caches\modules-2\files-2.1\com.machinezoo.noexception\noexception\1.7.1\b65330c98e38a1f915fa54a6e5eca496505e3f0a\noexception-1.7.1.jar, D:\jais\.gradle\caches\modules-2\files-2.1\net.jodah\typetools\0.6.3\a01aaa6ddaea9ec07ec4f209487b7a46a526283a\typetools-0.6.3.jar, D:\jais\.gradle\caches\modules-2\files-2.1\io.netty\netty-transport-native-unix-common\4.1.97.Final\d469d84265ab70095b01b40886cabdd433b6e664\netty-transport-native-unix-common-4.1.97.Final.jar, D:\jais\.gradle\caches\modules-2\files-2.1\org.jetbrains\annotations\24.1.0\7af6a669488450c4a07c2c3254e2151df42d7d04\annotations-24.1.0.jar, D:\jais\.gradle\caches\modules-2\files-2.1\com.google.errorprone\error_prone_annotations\2.18.0\89b684257096f548fa39a7df9fdaa409d4d4df91\error_prone_annotations-2.18.0.jar, D:\jais\.gradle\caches\modules-2\files-2.1\net.neoforged.fancymodloader\loader\4.0.24\8211b356d57387a287aa3fb1d425fdd34db6d638\loader-4.0.24.jar, D:\jais\.gradle\caches\modules-2\files-2.1\org.apache.commons\commons-compress\1.26.0\659feffdd12280201c8aacb8f7be94f9a883c824\commons-compress-1.26.0.jar, D:\jais\.gradle\caches\modules-2\files-2.1\io.netty\netty-common\4.1.97.Final\7cceacaf11df8dc63f23d0fb58e9d4640fc88404\netty-common-4.1.97.Final.jar, D:\jais\.gradle\caches\modules-2\files-2.1\net.fabricmc\sponge-mixin\0.15.2+mixin.0.8.7\2af2f021d8e02a0220dc27a7a72b4666d66d44ca\sponge-mixin-0.15.2+mixin.0.8.7.jar, D:\jais\.gradle\caches\modules-2\files-2.1\org.apache.httpcomponents\httpcore\4.4.16\51cf043c87253c9f58b539c9f7e44c8894223850\httpcore-4.4.16.jar, D:\jais\.gradle\caches\modules-2\files-2.1\org.apache.httpcomponents\httpclient\4.5.13\e5f6cae5ca7ecaac1ec2827a9e2d65ae2869cada\httpclient-4.5.13.jar, D:\jais\.gradle\caches\modules-2\files-2.1\org.apache.logging.log4j\log4j-api\2.22.1\bea6fede6328fabafd7e68363161a7ea6605abd1\log4j-api-2.22.1.jar, D:\jais\.gradle\caches\modules-2\files-2.1\org.lwjgl\lwjgl-jemalloc\3.3.3\426222fc027602a5f21b9c0fe79cde6a4c7a011f\lwjgl-jemalloc-3.3.3-natives-windows.jar, D:\jais\.gradle\caches\modules-2\files-2.1\com.google.code.gson\gson\2.10.1\b3add478d4382b78ea20b1671390a858002feb6c\gson-2.10.1.jar, D:\jais\.gradle\caches\modules-2\files-2.1\io.netty\netty-resolver\4.1.97.Final\cec8348108dc76c47cf87c669d514be52c922144\netty-resolver-4.1.97.Final.jar, D:\jais\.gradle\caches\modules-2\files-2.1\io.netty\netty-handler\4.1.97.Final\abb86c6906bf512bf2b797a41cd7d2e8d3cd7c36\netty-handler-4.1.97.Final.jar, D:\jais\.gradle\caches\modules-2\files-2.1\org.apache.commons\commons-lang3\3.14.0\1ed471194b02f2c6cb734a0cd6f6f107c673afae\commons-lang3-3.14.0.jar, D:\jais\.gradle\caches\modules-2\files-2.1\ca.weblite\java-objc-bridge\1.1\1227f9e0666314f9de41477e3ec277e542ed7f7b\java-objc-bridge-1.1.jar, D:\jais\.gradle\caches\modules-2\files-2.1\com.mojang\text2speech\1.17.9\3cad216e3a7f0c19b4b394388bc9ffc446f13b14\text2speech-1.17.9.jar, D:\jais\.gradle\caches\modules-2\files-2.1\org.checkerframework\checker-qual\3.33.0\de2b60b62da487644fc11f734e73c8b0b431238f\checker-qual-3.33.0.jar, D:\jais\.gradle\caches\modules-2\files-2.1\org.lwjgl\lwjgl-glfw\3.3.3\32334f3fd5270a59bad9939a93115acb6de36dcf\lwjgl-glfw-3.3.3-natives-windows-x86.jar, D:\jais\.gradle\caches\modules-2\files-2.1\org.joml\joml\1.10.5\22566d58af70ad3d72308bab63b8339906deb649\joml-1.10.5.jar, D:\jais\.gradle\caches\modules-2\files-2.1\org.lwjgl\lwjgl\3.3.3\29589b5f87ed335a6c7e7ee6a5775f81f97ecb84\lwjgl-3.3.3.jar, D:\jais\.gradle\caches\modules-2\files-2.1\commons-codec\commons-codec\1.16.0\4e3eb3d79888d76b54e28b350915b5dc3919c9de\commons-codec-1.16.0.jar, D:\jais\.gradle\caches\modules-2\files-2.1\com.github.oshi\oshi-core\6.4.10\b1d8ab82d11d92fd639b56d639f8f46f739dd5fa\oshi-core-6.4.10.jar, D:\jais\.gradle\caches\modules-2\files-2.1\io.netty\netty-transport-classes-epoll\4.1.97.Final\795da37ded759e862457a82d9d92c4d39ce8ecee\netty-transport-classes-epoll-4.1.97.Final.jar, D:\jais\.gradle\caches\modules-2\files-2.1\com.mojang\blocklist\1.0.10\5c685c5ffa94c4cd39496c7184c1d122e515ecef\blocklist-1.0.10.jar, D:\jais\.gradle\caches\modules-2\files-2.1\net.minecrell\terminalconsoleappender\1.3.0\b562e9bb61235c9520e26282cdee71f8f802d1fc\terminalconsoleappender-1.3.0.jar, D:\jais\.gradle\caches\modules-2\files-2.1\com.mojang\brigadier\1.3.10\d15b53a14cf20fdcaa98f731af5dda654452c010\brigadier-1.3.10.jar, D:\jais\.gradle\caches\modules-2\files-2.1\org.jline\jline-reader\3.20.0\8f15415b022a25b473e8e16c28ae913186ffb9c4\jline-reader-3.20.0.jar, D:\jais\.gradle\caches\modules-2\files-2.1\org.jline\jline-terminal\3.20.0\d0ddcc708ddf527a3454c941b7b9225cc83a15ff\jline-terminal-3.20.0.jar, D:\jais\.gradle\caches\modules-2\files-2.1\com.mojang\patchy\2.2.10\da05971b07cbb379d002cf7eaec6a2048211fefc\patchy-2.2.10.jar, D:\jais\.gradle\caches\modules-2\files-2.1\org.apache.logging.log4j\log4j-core\2.22.1\7183a25510a02ad00cc6a95d3b3d2a7d3c5a8dc4\log4j-core-2.22.1.jar, D:\jais\.gradle\caches\modules-2\files-2.1\org.lwjgl\lwjgl-openal\3.3.3\daada81ceb5fc0c291fbfdd4433cb8d9423577f2\lwjgl-openal-3.3.3.jar, D:\jais\.gradle\caches\modules-2\files-2.1\io.netty\netty-transport\4.1.97.Final\f37380d23c9bb079bc702910833b2fd532c9abd0\netty-transport-4.1.97.Final.jar, D:\jais\.gradle\caches\modules-2\files-2.1\org.lwjgl\lwjgl-opengl\3.3.3\65e956d3735a1abdc82eff4baec1b61174697d4b\lwjgl-opengl-3.3.3-natives-windows-arm64.jar, D:\jais\.gradle\caches\modules-2\files-2.1\com.electronwill.night-config\toml\3.8.0\861dbcf2757dd6701c98b3949198549ccb5f62ff\toml-3.8.0.jar, D:\jais\.gradle\caches\modules-2\files-2.1\org.lwjgl\lwjgl-freetype\3.3.3\a0db6c84a8becc8ca05f9dbfa985edc348a824c7\lwjgl-freetype-3.3.3.jar, D:\jais\.gradle\caches\modules-2\files-2.1\org.lz4\lz4-java\1.8.0\4b986a99445e49ea5fbf5d149c4b63f6ed6c6780\lz4-java-1.8.0.jar, D:\jais\.gradle\caches\modules-2\files-2.1\net.neoforged\JarJarMetadata\0.4.1\f8da03683dc81694556dc3e177c5e3bb77ae6fcb\JarJarMetadata-0.4.1.jar, D:\jais\.gradle\caches\modules-2\files-2.1\com.mojang\datafixerupper\8.0.16\67d4de6d7f95d89bcf5862995fb854ebaec02a34\datafixerupper-8.0.16.jar, D:\jais\.gradle\caches\modules-2\files-2.1\org.lwjgl\lwjgl-openal\3.3.3\87b8d5050e3adb46bb58fe1cb2669a4a48fce10d\lwjgl-openal-3.3.3-natives-windows-x86.jar, D:\jais\.gradle\caches\modules-2\files-2.1\net.neoforged\bus\8.0.1\9df0ed904cec279eb33ca6df420f6f82706ebb4c\bus-8.0.1.jar, D:\jais\.gradle\caches\modules-2\files-2.1\org.openjdk.nashorn\nashorn-core\15.4\f67f5ffaa5f5130cf6fb9b133da00c7df3b532a5\nashorn-core-15.4.jar, D:\jais\.gradle\caches\modules-2\files-2.1\org.apache.logging.log4j\log4j-slf4j2-impl\2.22.1\d7e6693c2606cb7e7335047d7bb96dec52db5665\log4j-slf4j2-impl-2.22.1.jar, D:\jais\.gradle\caches\modules-2\files-2.1\commons-logging\commons-logging\1.2\4bfc12adfe4842bf07b657f0369c4cb522955686\commons-logging-1.2.jar, D:\jais\.gradle\caches\modules-2\files-2.1\net.sf.jopt-simple\jopt-simple\5.0.4\4fdac2fbe92dfad86aa6e9301736f6b4342a3f5c\jopt-simple-5.0.4.jar, D:\jais\.gradle\caches\modules-2\files-2.1\com.google.code.findbugs\jsr305\3.0.2\25ea2e8b0c338a877313bd4672d3fe056ea78f0d\jsr305-3.0.2.jar, D:\jais\.gradle\caches\modules-2\files-2.1\org.lwjgl\lwjgl-opengl\3.3.3\2f6b0147078396a58979125a4c947664e98293a\lwjgl-opengl-3.3.3.jar, D:\jais\.gradle\caches\modules-2\files-2.1\cpw.mods\modlauncher\11.0.4\6619d4812a3c092310d521ebc4c9503727563df7\modlauncher-11.0.4.jar, D:\jais\.gradle\caches\modules-2\files-2.1\net.java.dev.jna\jna-platform\5.14.0\28934d48aed814f11e4c584da55c49fa7032b31b\jna-platform-5.14.0.jar, D:\jais\.gradle\caches\modules-2\files-2.1\org.apache.maven\maven-artifact\3.8.5\4433f50c07debefaed0553bd0068f4f48d449313\maven-artifact-3.8.5.jar, D:\jais\.gradle\caches\modules-2\files-2.1\org.lwjgl\lwjgl-tinyfd\3.3.3\82d755ca94b102e9ca77283b9e2dc46d1b15fbe5\lwjgl-tinyfd-3.3.3.jar, D:\jais\.gradle\caches\modules-2\files-2.1\io.netty\netty-buffer\4.1.97.Final\f8f3d8644afa5e6e1a40a3a6aeb9d9aa970ecb4f\netty-buffer-4.1.97.Final.jar, D:\jais\projects\everythingcopper-1.19\.gradle\repositories\ng_dummy_ng\net\minecraft\client\1.21.1\client-1.21.1-client-extra.jar, D:\jais\.gradle\caches\modules-2\files-2.1\net.minecraftforge\srgutils\0.4.15\ca408b131759478f164e010fae0d73997e125fb5\srgutils-0.4.15.jar, D:\jais\.gradle\caches\modules-2\files-2.1\org.lwjgl\lwjgl-freetype\3.3.3\15a8c1de7f51d07a92eae7ce1222557073a0c0c3\lwjgl-freetype-3.3.3-natives-windows-x86.jar, D:\jais\.gradle\caches\modules-2\files-2.1\org.lwjgl\lwjgl-stb\3.3.3\1d9facdf6541de114b0f963be33505b7679c78cb\lwjgl-stb-3.3.3-natives-windows.jar, D:\jais\.gradle\caches\modules-2\files-2.1\net.neoforged.accesstransformers\at-modlauncher\10.0.1\5aba50202aceead086bc09fbc2751c9f05cb4890\at-modlauncher-10.0.1.jar, D:\jais\.gradle\caches\modules-2\files-2.1\com.electronwill.night-config\core\3.8.0\2498dd2b3120dd49e963e2feab8fa5d0c5f80e0a\core-3.8.0.jar, D:\jais\.gradle\caches\modules-2\files-2.1\net.neoforged\neoform\1.21.1-20240808.144430\811e2bd86fa2cda2812e5e8e51d718ea8bd6d3f4\neoform-1.21.1-20240808.144430.zip, D:\jais\.gradle\caches\modules-2\files-2.1\org.slf4j\slf4j-api\2.0.9\7cf2726fdcfbc8610f9a71fb3ed639871f315340\slf4j-api-2.0.9.jar, D:\jais\.gradle\caches\modules-2\files-2.1\org.lwjgl\lwjgl-tinyfd\3.3.3\a6697981b0449a5087c1d546fc08b4f73e8f98c9\lwjgl-tinyfd-3.3.3-natives-windows.jar, D:\jais\.gradle\caches\modules-2\files-2.1\net.neoforged\accesstransformers\10.0.1\fd83b5725f76eae9115e9355fa1c456a6a441400\accesstransformers-10.0.1.jar, D:\jais\.gradle\caches\modules-2\files-2.1\org.lwjgl\lwjgl\3.3.3\9e670718e050aeaeea0c2d5b907cffb142f2e58f\lwjgl-3.3.3-natives-windows-x86.jar, D:\jais\.gradle\caches\modules-2\files-2.1\it.unimi.dsi\fastutil\8.5.12\c24946d46824bd528054bface3231d2ecb7e95e8\fastutil-8.5.12.jar, D:\jais\.gradle\caches\modules-2\files-2.1\com.mojang\authlib\6.0.54\de8bc95660e1b2fe8793fd427a7a10dcec5b3ea7\authlib-6.0.54.jar, D:\jais\.gradle\caches\modules-2\files-2.1\org.lwjgl\lwjgl-stb\3.3.3\25dd6161988d7e65f71d5065c99902402ee32746\lwjgl-stb-3.3.3.jar, D:\jais\.gradle\caches\modules-2\files-2.1\com.ibm.icu\icu4j\73.2\61ad4ef7f9131fcf6d25c34b817f90d6da06c9e9\icu4j-73.2.jar, D:\jais\.gradle\caches\modules-2\files-2.1\org.jcraft\jorbis\0.0.17\8872d22b293e8f5d7d56ff92be966e6dc28ebdc6\jorbis-0.0.17.jar, D:\jais\.gradle\caches\modules-2\files-2.1\commons-io\commons-io\2.15.1\f11560da189ab563a5c8e351941415430e9304ea\commons-io-2.15.1.jar, D:\jais\.gradle\caches\modules-2\files-2.1\com.google.guava\failureaccess\1.0.1\1dcf1de382a0bf95a3d8b0849546c88bac1292c9\failureaccess-1.0.1.jar]
[28Sep2024 12:40:57.187] [main/DEBUG] [net.neoforged.fml.loading.FMLServiceProvider/CORE]: Preparing launch handler
[28Sep2024 12:40:57.188] [main/DEBUG] [net.neoforged.fml.loading.FMLLoader/CORE]: Using forgeclientuserdev as launch service
[28Sep2024 12:40:57.189] [main/DEBUG] [net.neoforged.fml.common.asm.RuntimeDistCleaner/DISTXFORM]: Configuring for Dist CLIENT
[28Sep2024 12:40:57.192] [main/DEBUG] [cpw.mods.modlauncher.TransformationServiceDecorator/MODLAUNCHER]: Initialized transformation service fml
[28Sep2024 12:40:57.192] [main/DEBUG] [cpw.mods.modlauncher.TransformationServicesHandler/MODLAUNCHER]: Transformation services begin scanning
[28Sep2024 12:40:57.193] [main/DEBUG] [cpw.mods.modlauncher.TransformationServiceDecorator/MODLAUNCHER]: Beginning scan trigger - transformation service mixin
[28Sep2024 12:40:57.194] [main/DEBUG] [cpw.mods.modlauncher.TransformationServiceDecorator/MODLAUNCHER]: End scan trigger - transformation service mixin
[28Sep2024 12:40:57.194] [main/DEBUG] [cpw.mods.modlauncher.TransformationServiceDecorator/MODLAUNCHER]: Beginning scan trigger - transformation service fml
[28Sep2024 12:40:57.194] [main/DEBUG] [net.neoforged.fml.loading.FMLServiceProvider/CORE]: Initiating mod scan
[28Sep2024 12:40:57.199] [main/DEBUG] [net.neoforged.fml.loading.targets.CommonLaunchHandler/CORE]: Got mod coordinates everythingcopper-1.19%%D:\jais\projects\everythingcopper-1.19\build\resources\main;everythingcopper-1.19%%D:\jais\projects\everythingcopper-1.19\build\classes\java\main from env
[28Sep2024 12:40:57.200] [main/DEBUG] [net.neoforged.fml.loading.targets.CommonLaunchHandler/CORE]: Found supplied mod coordinates [{everythingcopper-1.19=[D:\jais\projects\everythingcopper-1.19\build\resources\main, D:\jais\projects\everythingcopper-1.19\build\classes\java\main]}]
[28Sep2024 12:40:57.226] [main/DEBUG] [net.neoforged.fml.util.ServiceLoaderUtil/CORE]: Found 4 implementations of IModFileCandidateLocator:
[28Sep2024 12:40:57.227] [main/DEBUG] [net.neoforged.fml.util.ServiceLoaderUtil/CORE]: 	       0 - [built-in] net.neoforged.fml.loading.moddiscovery.locators.NeoForgeDevProvider from loader-4.0.24.jar
[28Sep2024 12:40:57.228] [main/DEBUG] [net.neoforged.fml.util.ServiceLoaderUtil/CORE]: 	       0 - net.neoforged.fml.loading.moddiscovery.locators.ModsFolderLocator from loader-4.0.24.jar
[28Sep2024 12:40:57.228] [main/DEBUG] [net.neoforged.fml.util.ServiceLoaderUtil/CORE]: 	       0 - net.neoforged.fml.loading.moddiscovery.locators.MavenDirectoryLocator from loader-4.0.24.jar
[28Sep2024 12:40:57.229] [main/DEBUG] [net.neoforged.fml.util.ServiceLoaderUtil/CORE]: 	   -1000 - [built-in] net.neoforged.fml.loading.moddiscovery.locators.UserdevLocator from loader-4.0.24.jar
[28Sep2024 12:40:57.233] [main/DEBUG] [net.neoforged.fml.util.ServiceLoaderUtil/CORE]: Found 2 implementations of IModFileReader:
[28Sep2024 12:40:57.233] [main/DEBUG] [net.neoforged.fml.util.ServiceLoaderUtil/CORE]: 	       0 - net.neoforged.fml.loading.moddiscovery.readers.JarModsDotTomlModFileReader from loader-4.0.24.jar
[28Sep2024 12:40:57.234] [main/DEBUG] [net.neoforged.fml.util.ServiceLoaderUtil/CORE]: 	   -1000 - net.neoforged.fml.loading.moddiscovery.readers.NestedLibraryModReader from loader-4.0.24.jar
[28Sep2024 12:40:57.235] [main/DEBUG] [net.neoforged.fml.util.ServiceLoaderUtil/CORE]: Found 1 implementations of IDependencyLocator:
[28Sep2024 12:40:57.236] [main/DEBUG] [net.neoforged.fml.util.ServiceLoaderUtil/CORE]: 	       0 - net.neoforged.fml.loading.moddiscovery.locators.JarInJarDependencyLocator from loader-4.0.24.jar
[28Sep2024 12:40:57.236] [main/DEBUG] [net.neoforged.fml.loading.moddiscovery.ModDiscoverer/SCAN]: Scanning for mods and other resources to load. We know 4 ways to find mods
[28Sep2024 12:40:57.237] [main/DEBUG] [net.neoforged.fml.loading.moddiscovery.ModDiscoverer/SCAN]: Trying locator neoforge devenv provider ([D:\jais\projects\everythingcopper-1.19\.gradle\repositories\ng_dummy_ng\net\neoforged\neoforge\21.1.35\neoforge-21.1.35.jar])
[28Sep2024 12:40:57.518] [pool-2-thread-1/INFO] [EARLYDISPLAY/]: GL info: NVIDIA GeForce GTX 1050 Ti/PCIe/SSE2 GL version 4.6.0 NVIDIA 556.12, NVIDIA Corporation
[28Sep2024 12:40:57.562] [main/DEBUG] [net.neoforged.fml.loading.moddiscovery.ModFileInfo/LOADING]: Found valid mod file neoforge-21.1.35.jar with {minecraft} mods - versions {1.21.1}
[28Sep2024 12:40:57.562] [main/INFO] [net.neoforged.fml.loading.moddiscovery.ModDiscoverer/SCAN]: Found mod file "neoforge-21.1.35.jar" [locator: neoforge devenv provider ([D:\jais\projects\everythingcopper-1.19\.gradle\repositories\ng_dummy_ng\net\neoforged\neoforge\21.1.35\neoforge-21.1.35.jar])]
[28Sep2024 12:40:57.576] [main/DEBUG] [net.neoforged.fml.loading.moddiscovery.readers.JarModsDotTomlModFileReader/SCAN]: Found META-INF/neoforge.mods.toml mod of type null: D:\jais\projects\everythingcopper-1.19\.gradle\repositories\ng_dummy_ng\net\neoforged\neoforge\21.1.35\neoforge-21.1.35.jar
[28Sep2024 12:40:57.577] [main/DEBUG] [net.neoforged.fml.loading.moddiscovery.ModFileParser/LOADING]: Considering mod file candidate D:\jais\projects\everythingcopper-1.19\.gradle\repositories\ng_dummy_ng\net\neoforged\neoforge\21.1.35\neoforge-21.1.35.jar
[28Sep2024 12:40:57.599] [main/DEBUG] [net.neoforged.fml.loading.moddiscovery.ModFileInfo/LOADING]: Found valid mod file neoforge-21.1.35.jar with {neoforge} mods - versions {21.1.35}
[28Sep2024 12:40:57.600] [main/INFO] [net.neoforged.fml.loading.moddiscovery.ModDiscoverer/SCAN]: Found mod file "neoforge-21.1.35.jar" [locator: neoforge devenv provider ([D:\jais\projects\everythingcopper-1.19\.gradle\repositories\ng_dummy_ng\net\neoforged\neoforge\21.1.35\neoforge-21.1.35.jar])]
[28Sep2024 12:40:57.600] [main/DEBUG] [net.neoforged.fml.loading.moddiscovery.ModDiscoverer/SCAN]: Locator neoforge devenv provider ([D:\jais\projects\everythingcopper-1.19\.gradle\repositories\ng_dummy_ng\net\neoforged\neoforge\21.1.35\neoforge-21.1.35.jar]) found 2 mods, 0 warnings, 0 errors and skipped 0 candidates
[28Sep2024 12:40:57.601] [main/DEBUG] [net.neoforged.fml.loading.moddiscovery.ModDiscoverer/SCAN]: Trying locator {mods folder locator at D:\jais\projects\everythingcopper-1.19\runs\client\mods}
[28Sep2024 12:40:57.601] [main/DEBUG] [net.neoforged.fml.loading.moddiscovery.locators.ModsFolderLocator/SCAN]: Scanning mods dir D:\jais\projects\everythingcopper-1.19\runs\client\mods for mods
[28Sep2024 12:40:57.604] [main/DEBUG] [net.neoforged.fml.loading.moddiscovery.ModDiscoverer/SCAN]: Locator {mods folder locator at D:\jais\projects\everythingcopper-1.19\runs\client\mods} found 0 mods, 0 warnings, 0 errors and skipped 0 candidates
[28Sep2024 12:40:57.604] [main/DEBUG] [net.neoforged.fml.loading.moddiscovery.ModDiscoverer/SCAN]: Trying locator maven libs
[28Sep2024 12:40:57.610] [main/DEBUG] [net.neoforged.fml.loading.moddiscovery.ModListHandler/CORE]: Found mod coordinates from lists: []
[28Sep2024 12:40:57.611] [main/DEBUG] [net.neoforged.fml.loading.moddiscovery.ModDiscoverer/SCAN]: Locator maven libs found 0 mods, 0 warnings, 0 errors and skipped 0 candidates
[28Sep2024 12:40:57.611] [main/DEBUG] [net.neoforged.fml.loading.moddiscovery.ModDiscoverer/SCAN]: Trying locator userdev mods and services
[28Sep2024 12:40:57.615] [main/DEBUG] [net.neoforged.fml.loading.moddiscovery.readers.JarModsDotTomlModFileReader/SCAN]: Found META-INF/neoforge.mods.toml mod of type null: D:\jais\projects\everythingcopper-1.19\build\resources\main
[28Sep2024 12:40:57.615] [main/DEBUG] [net.neoforged.fml.loading.moddiscovery.ModFileParser/LOADING]: Considering mod file candidate D:\jais\projects\everythingcopper-1.19\build\resources\main
[28Sep2024 12:40:57.626] [main/DEBUG] [net.neoforged.fml.loading.moddiscovery.ModFileInfo/LOADING]: Found valid mod file main with {everythingcopper} mods - versions {1.21.1-2.3.6}
[28Sep2024 12:40:57.626] [main/INFO] [net.neoforged.fml.loading.moddiscovery.ModDiscoverer/SCAN]: Found mod file "main" [locator: userdev mods and services, reader: mod manifest]
[28Sep2024 12:40:57.650] [main/DEBUG] [net.neoforged.fml.loading.moddiscovery.readers.JarModsDotTomlModFileReader/SCAN]: Found META-INF/neoforge.mods.toml mod of type null: D:\jais\projects\everythingcopper-1.19\.gradle\repositories\ng_dummy_ng\net\neoforged\neoforge\21.1.35\neoforge-21.1.35.jar
[28Sep2024 12:40:57.650] [main/DEBUG] [net.neoforged.fml.loading.moddiscovery.ModFileParser/LOADING]: Considering mod file candidate D:\jais\projects\everythingcopper-1.19\.gradle\repositories\ng_dummy_ng\net\neoforged\neoforge\21.1.35\neoforge-21.1.35.jar
[28Sep2024 12:40:57.653] [main/DEBUG] [net.neoforged.fml.loading.moddiscovery.ModFileInfo/LOADING]: Found valid mod file neoforge-21.1.35.jar with {neoforge} mods - versions {21.1.35}
[28Sep2024 12:40:57.653] [main/INFO] [net.neoforged.fml.loading.moddiscovery.ModDiscoverer/SCAN]: Found mod file "neoforge-21.1.35.jar" [locator: userdev mods and services, reader: mod manifest]
[28Sep2024 12:40:57.665] [main/DEBUG] [net.neoforged.fml.loading.moddiscovery.readers.JarModsDotTomlModFileReader/SCAN]: Found META-INF/neoforge.mods.toml mod of type null: D:\jais\.gradle\caches\modules-2\files-2.1\curse.maven\jei-238222\5513346\720c41d5988bb4b0e3db3fdbfc3d6fe3ad6bf4d2\jei-238222-5513346.jar
[28Sep2024 12:40:57.666] [main/DEBUG] [net.neoforged.fml.loading.moddiscovery.ModFileParser/LOADING]: Considering mod file candidate D:\jais\.gradle\caches\modules-2\files-2.1\curse.maven\jei-238222\5513346\720c41d5988bb4b0e3db3fdbfc3d6fe3ad6bf4d2\jei-238222-5513346.jar
[28Sep2024 12:40:57.672] [main/DEBUG] [net.neoforged.fml.loading.moddiscovery.ModFileInfo/LOADING]: Found valid mod file jei-238222-5513346.jar with {jei} mods - versions {19.3.1.24}
[28Sep2024 12:40:57.672] [main/INFO] [net.neoforged.fml.loading.moddiscovery.ModDiscoverer/SCAN]: Found mod file "jei-238222-5513346.jar" [locator: userdev mods and services, reader: mod manifest]
[28Sep2024 12:40:57.681] [main/DEBUG] [net.neoforged.fml.loading.moddiscovery.readers.JarModsDotTomlModFileReader/SCAN]: Found META-INF/neoforge.mods.toml mod of type null: D:\jais\.gradle\caches\modules-2\files-2.1\curse.maven\jade-324717\5444008\cf8f6dc9b9fcbbe204596ee21803ff5b22a5b61b\jade-324717-5444008.jar
[28Sep2024 12:40:57.681] [main/DEBUG] [net.neoforged.fml.loading.moddiscovery.ModFileParser/LOADING]: Considering mod file candidate D:\jais\.gradle\caches\modules-2\files-2.1\curse.maven\jade-324717\5444008\cf8f6dc9b9fcbbe204596ee21803ff5b22a5b61b\jade-324717-5444008.jar
[28Sep2024 12:40:57.699] [main/DEBUG] [net.neoforged.fml.loading.moddiscovery.ModFileInfo/LOADING]: Found valid mod file jade-324717-5444008.jar with {jade} mods - versions {15.0.5+neoforge}
[28Sep2024 12:40:57.699] [main/INFO] [net.neoforged.fml.loading.moddiscovery.ModDiscoverer/SCAN]: Found mod file "jade-324717-5444008.jar" [locator: userdev mods and services, reader: mod manifest]
[28Sep2024 12:40:57.765] [main/DEBUG] [net.neoforged.fml.loading.moddiscovery.ModDiscoverer/]: Skipping D:\jais\.gradle\caches\modules-2\files-2.1\net.neoforged.fancymodloader\earlydisplay\4.0.24\c1f79ceaefcb4c79dea89e969563718a2d5157f\earlydisplay-4.0.24.jar because it was already located earlier
[28Sep2024 12:40:57.766] [main/DEBUG] [net.neoforged.fml.loading.moddiscovery.ModDiscoverer/]: Skipping D:\jais\.gradle\caches\modules-2\files-2.1\net.neoforged.fancymodloader\loader\4.0.24\8211b356d57387a287aa3fb1d425fdd34db6d638\loader-4.0.24.jar because it was already located earlier
[28Sep2024 12:40:57.766] [main/DEBUG] [net.neoforged.fml.loading.moddiscovery.ModDiscoverer/]: Skipping D:\jais\.gradle\caches\modules-2\files-2.1\net.neoforged\coremods\7.0.3\9147e6f638b4272b3bd5fc8f92ad37802512c6c\coremods-7.0.3.jar because it was already located earlier
[28Sep2024 12:40:57.766] [main/DEBUG] [net.neoforged.fml.loading.moddiscovery.ModDiscoverer/]: Skipping D:\jais\.gradle\caches\modules-2\files-2.1\cpw.mods\modlauncher\11.0.4\6619d4812a3c092310d521ebc4c9503727563df7\modlauncher-11.0.4.jar because it was already located earlier
[28Sep2024 12:40:57.767] [main/DEBUG] [net.neoforged.fml.loading.moddiscovery.ModDiscoverer/]: Skipping D:\jais\.gradle\caches\modules-2\files-2.1\net.neoforged.accesstransformers\at-modlauncher\10.0.1\5aba50202aceead086bc09fbc2751c9f05cb4890\at-modlauncher-10.0.1.jar because it was already located earlier
[28Sep2024 12:40:57.767] [main/DEBUG] [net.neoforged.fml.loading.moddiscovery.ModDiscoverer/]: Skipping D:\jais\.gradle\caches\modules-2\files-2.1\net.neoforged\accesstransformers\10.0.1\fd83b5725f76eae9115e9355fa1c456a6a441400\accesstransformers-10.0.1.jar because it was already located earlier
[28Sep2024 12:40:57.767] [main/DEBUG] [net.neoforged.fml.loading.moddiscovery.ModDiscoverer/]: Skipping D:\jais\.gradle\caches\modules-2\files-2.1\org.openjdk.nashorn\nashorn-core\15.4\f67f5ffaa5f5130cf6fb9b133da00c7df3b532a5\nashorn-core-15.4.jar because it was already located earlier
[28Sep2024 12:40:57.767] [main/DEBUG] [net.neoforged.fml.loading.moddiscovery.ModDiscoverer/]: Skipping D:\jais\.gradle\caches\modules-2\files-2.1\net.neoforged\mergetool\2.0.3\1275202cbbb248f49345cf6787ce299afd9a02fb\mergetool-2.0.3-api.jar because it was already located earlier
[28Sep2024 12:40:57.767] [main/DEBUG] [net.neoforged.fml.loading.moddiscovery.ModDiscoverer/]: Skipping D:\jais\.gradle\caches\modules-2\files-2.1\net.neoforged\bus\8.0.1\9df0ed904cec279eb33ca6df420f6f82706ebb4c\bus-8.0.1.jar because it was already located earlier
[28Sep2024 12:40:57.767] [main/DEBUG] [net.neoforged.fml.loading.moddiscovery.ModDiscoverer/]: Skipping D:\jais\.gradle\caches\modules-2\files-2.1\com.electronwill.night-config\toml\3.8.0\861dbcf2757dd6701c98b3949198549ccb5f62ff\toml-3.8.0.jar because it was already located earlier
[28Sep2024 12:40:57.767] [main/DEBUG] [net.neoforged.fml.loading.moddiscovery.ModDiscoverer/]: Skipping D:\jais\.gradle\caches\modules-2\files-2.1\com.electronwill.night-config\core\3.8.0\2498dd2b3120dd49e963e2feab8fa5d0c5f80e0a\core-3.8.0.jar because it was already located earlier
[28Sep2024 12:40:57.768] [main/DEBUG] [net.neoforged.fml.loading.moddiscovery.ModDiscoverer/]: Skipping D:\jais\.gradle\caches\modules-2\files-2.1\net.neoforged\JarJarSelector\0.4.1\fb3cc7a58af22ad2880adb98af6d518128c47dae\JarJarSelector-0.4.1.jar because it was already located earlier
[28Sep2024 12:40:57.768] [main/DEBUG] [net.neoforged.fml.loading.moddiscovery.ModDiscoverer/]: Skipping D:\jais\.gradle\caches\modules-2\files-2.1\net.neoforged\JarJarMetadata\0.4.1\f8da03683dc81694556dc3e177c5e3bb77ae6fcb\JarJarMetadata-0.4.1.jar because it was already located earlier
[28Sep2024 12:40:57.768] [main/DEBUG] [net.neoforged.fml.loading.moddiscovery.ModDiscoverer/]: Skipping D:\jais\.gradle\caches\modules-2\files-2.1\org.apache.maven\maven-artifact\3.8.5\4433f50c07debefaed0553bd0068f4f48d449313\maven-artifact-3.8.5.jar because it was already located earlier
[28Sep2024 12:40:57.768] [main/DEBUG] [net.neoforged.fml.loading.moddiscovery.ModDiscoverer/]: Skipping D:\jais\.gradle\caches\modules-2\files-2.1\net.jodah\typetools\0.6.3\a01aaa6ddaea9ec07ec4f209487b7a46a526283a\typetools-0.6.3.jar because it was already located earlier
[28Sep2024 12:40:57.768] [main/DEBUG] [net.neoforged.fml.loading.moddiscovery.ModDiscoverer/]: Skipping D:\jais\.gradle\caches\modules-2\files-2.1\net.minecrell\terminalconsoleappender\1.3.0\b562e9bb61235c9520e26282cdee71f8f802d1fc\terminalconsoleappender-1.3.0.jar because it was already located earlier
[28Sep2024 12:40:57.768] [main/DEBUG] [net.neoforged.fml.loading.moddiscovery.ModDiscoverer/]: Skipping D:\jais\.gradle\caches\modules-2\files-2.1\net.fabricmc\sponge-mixin\0.15.2+mixin.0.8.7\2af2f021d8e02a0220dc27a7a72b4666d66d44ca\sponge-mixin-0.15.2+mixin.0.8.7.jar because it was already located earlier
[28Sep2024 12:40:57.768] [main/DEBUG] [net.neoforged.fml.loading.moddiscovery.ModDiscoverer/]: Skipping D:\jais\.gradle\caches\modules-2\files-2.1\com.mojang\authlib\6.0.54\de8bc95660e1b2fe8793fd427a7a10dcec5b3ea7\authlib-6.0.54.jar because it was already located earlier
[28Sep2024 12:40:57.768] [main/DEBUG] [net.neoforged.fml.loading.moddiscovery.ModDiscoverer/]: Skipping D:\jais\.gradle\caches\modules-2\files-2.1\org.apache.commons\commons-compress\1.26.0\659feffdd12280201c8aacb8f7be94f9a883c824\commons-compress-1.26.0.jar because it was already located earlier
[28Sep2024 12:40:57.769] [main/DEBUG] [net.neoforged.fml.loading.moddiscovery.ModDiscoverer/]: Skipping D:\jais\.gradle\caches\modules-2\files-2.1\org.apache.commons\commons-lang3\3.14.0\1ed471194b02f2c6cb734a0cd6f6f107c673afae\commons-lang3-3.14.0.jar because it was already located earlier
[28Sep2024 12:40:57.769] [main/DEBUG] [net.neoforged.fml.loading.moddiscovery.ModDiscoverer/]: Skipping D:\jais\.gradle\caches\modules-2\files-2.1\com.mojang\logging\1.2.7\24cb95ffb0e3433fd6e844c04e68009e504ca1c0\logging-1.2.7.jar because it was already located earlier
[28Sep2024 12:40:57.769] [main/DEBUG] [net.neoforged.fml.loading.moddiscovery.ModDiscoverer/]: Skipping D:\jais\.gradle\caches\modules-2\files-2.1\org.apache.logging.log4j\log4j-slf4j2-impl\2.22.1\d7e6693c2606cb7e7335047d7bb96dec52db5665\log4j-slf4j2-impl-2.22.1.jar because it was already located earlier
[28Sep2024 12:40:57.770] [main/DEBUG] [net.neoforged.fml.loading.moddiscovery.ModDiscoverer/]: Skipping D:\jais\.gradle\caches\modules-2\files-2.1\org.apache.logging.log4j\log4j-core\2.22.1\7183a25510a02ad00cc6a95d3b3d2a7d3c5a8dc4\log4j-core-2.22.1.jar because it was already located earlier
[28Sep2024 12:40:57.770] [main/DEBUG] [net.neoforged.fml.loading.moddiscovery.ModDiscoverer/]: Skipping D:\jais\.gradle\caches\modules-2\files-2.1\org.apache.logging.log4j\log4j-api\2.22.1\bea6fede6328fabafd7e68363161a7ea6605abd1\log4j-api-2.22.1.jar because it was already located earlier
[28Sep2024 12:40:57.778] [main/DEBUG] [net.neoforged.fml.loading.moddiscovery.readers.JarModsDotTomlModFileReader/SCAN]: Found META-INF/MANIFEST.MF mod of type GAMELIBRARY: D:\jais\.gradle\caches\modules-2\files-2.1\io.github.llamalad7\mixinextras-neoforge\0.4.1\eff97772ecd0dcf8e52cdbafd3b3ccec425f8314\mixinextras-neoforge-0.4.1.jar
[28Sep2024 12:40:57.783] [main/INFO] [net.neoforged.fml.loading.moddiscovery.ModDiscoverer/SCAN]: Found gamelibrary file "mixinextras-neoforge-0.4.1.jar" [locator: userdev mods and services, reader: mod manifest]
[28Sep2024 12:40:57.784] [main/DEBUG] [net.neoforged.fml.loading.moddiscovery.ModDiscoverer/]: Skipping D:\jais\.gradle\caches\modules-2\files-2.1\com.github.oshi\oshi-core\6.4.10\b1d8ab82d11d92fd639b56d639f8f46f739dd5fa\oshi-core-6.4.10.jar because it was already located earlier
[28Sep2024 12:40:57.784] [main/DEBUG] [net.neoforged.fml.loading.moddiscovery.ModDiscoverer/]: Skipping D:\jais\.gradle\caches\modules-2\files-2.1\com.mojang\datafixerupper\8.0.16\67d4de6d7f95d89bcf5862995fb854ebaec02a34\datafixerupper-8.0.16.jar because it was already located earlier
[28Sep2024 12:40:57.784] [main/DEBUG] [net.neoforged.fml.loading.moddiscovery.ModDiscoverer/]: Skipping D:\jais\.gradle\caches\modules-2\files-2.1\com.mojang\text2speech\1.17.9\3cad216e3a7f0c19b4b394388bc9ffc446f13b14\text2speech-1.17.9.jar because it was already located earlier
[28Sep2024 12:40:57.784] [main/DEBUG] [net.neoforged.fml.loading.moddiscovery.ModDiscoverer/]: Skipping D:\jais\.gradle\caches\modules-2\files-2.1\org.slf4j\slf4j-api\2.0.9\7cf2726fdcfbc8610f9a71fb3ed639871f315340\slf4j-api-2.0.9.jar because it was already located earlier
[28Sep2024 12:40:57.785] [main/DEBUG] [net.neoforged.fml.loading.moddiscovery.ModDiscoverer/]: Skipping D:\jais\.gradle\caches\modules-2\files-2.1\com.google.code.gson\gson\2.10.1\b3add478d4382b78ea20b1671390a858002feb6c\gson-2.10.1.jar because it was already located earlier
[28Sep2024 12:40:57.785] [main/DEBUG] [net.neoforged.fml.loading.moddiscovery.ModDiscoverer/]: Skipping D:\jais\.gradle\caches\modules-2\files-2.1\com.mojang\patchy\2.2.10\da05971b07cbb379d002cf7eaec6a2048211fefc\patchy-2.2.10.jar because it was already located earlier
[28Sep2024 12:40:57.786] [main/DEBUG] [net.neoforged.fml.loading.moddiscovery.ModDiscoverer/]: Skipping D:\jais\.gradle\caches\modules-2\files-2.1\com.google.guava\guava\32.1.2-jre\5e64ec7e056456bef3a4bc4c6fdaef71e8ab6318\guava-32.1.2-jre.jar because it was already located earlier
[28Sep2024 12:40:57.786] [main/DEBUG] [net.neoforged.fml.loading.moddiscovery.ModDiscoverer/]: Skipping D:\jais\.gradle\caches\modules-2\files-2.1\com.google.guava\failureaccess\1.0.1\1dcf1de382a0bf95a3d8b0849546c88bac1292c9\failureaccess-1.0.1.jar because it was already located earlier
[28Sep2024 12:40:57.786] [main/DEBUG] [net.neoforged.fml.loading.moddiscovery.ModDiscoverer/]: Skipping D:\jais\.gradle\caches\modules-2\files-2.1\com.google.guava\listenablefuture\9999.0-empty-to-avoid-conflict-with-guava\b421526c5f297295adef1c886e5246c39d4ac629\listenablefuture-9999.0-empty-to-avoid-conflict-with-guava.jar because it was already located earlier
[28Sep2024 12:40:57.786] [main/DEBUG] [net.neoforged.fml.loading.moddiscovery.ModDiscoverer/]: Skipping D:\jais\.gradle\caches\modules-2\files-2.1\com.google.code.findbugs\jsr305\3.0.2\25ea2e8b0c338a877313bd4672d3fe056ea78f0d\jsr305-3.0.2.jar because it was already located earlier
[28Sep2024 12:40:57.786] [main/DEBUG] [net.neoforged.fml.loading.moddiscovery.ModDiscoverer/]: Skipping D:\jais\.gradle\caches\modules-2\files-2.1\org.checkerframework\checker-qual\3.33.0\de2b60b62da487644fc11f734e73c8b0b431238f\checker-qual-3.33.0.jar because it was already located earlier
[28Sep2024 12:40:57.787] [main/DEBUG] [net.neoforged.fml.loading.moddiscovery.ModDiscoverer/]: Skipping D:\jais\.gradle\caches\modules-2\files-2.1\com.google.errorprone\error_prone_annotations\2.18.0\89b684257096f548fa39a7df9fdaa409d4d4df91\error_prone_annotations-2.18.0.jar because it was already located earlier
[28Sep2024 12:40:57.787] [main/DEBUG] [net.neoforged.fml.loading.moddiscovery.ModDiscoverer/]: Skipping D:\jais\.gradle\caches\modules-2\files-2.1\com.google.j2objc\j2objc-annotations\2.8\c85270e307e7b822f1086b93689124b89768e273\j2objc-annotations-2.8.jar because it was already located earlier
[28Sep2024 12:40:57.787] [main/DEBUG] [net.neoforged.fml.loading.moddiscovery.ModDiscoverer/]: Skipping D:\jais\.gradle\caches\modules-2\files-2.1\commons-io\commons-io\2.15.1\f11560da189ab563a5c8e351941415430e9304ea\commons-io-2.15.1.jar because it was already located earlier
[28Sep2024 12:40:57.787] [main/DEBUG] [net.neoforged.fml.loading.moddiscovery.ModDiscoverer/]: Skipping D:\jais\.gradle\caches\modules-2\files-2.1\net.sf.jopt-simple\jopt-simple\5.0.4\4fdac2fbe92dfad86aa6e9301736f6b4342a3f5c\jopt-simple-5.0.4.jar because it was already located earlier
[28Sep2024 12:40:57.787] [main/DEBUG] [net.neoforged.fml.loading.moddiscovery.ModDiscoverer/]: Skipping D:\jais\.gradle\caches\modules-2\files-2.1\net.minecraftforge\srgutils\0.4.15\ca408b131759478f164e010fae0d73997e125fb5\srgutils-0.4.15.jar because it was already located earlier
[28Sep2024 12:40:57.787] [main/DEBUG] [net.neoforged.fml.loading.moddiscovery.ModDiscoverer/]: Skipping D:\jais\.gradle\caches\modules-2\files-2.1\org.antlr\antlr4-runtime\4.13.1\17125bae1d965624e265ef49552f6465a2bfa307\antlr4-runtime-4.13.1.jar because it was already located earlier
[28Sep2024 12:40:57.787] [main/DEBUG] [net.neoforged.fml.loading.moddiscovery.ModDiscoverer/]: Skipping D:\jais\.gradle\caches\modules-2\files-2.1\org.jline\jline-reader\3.20.0\8f15415b022a25b473e8e16c28ae913186ffb9c4\jline-reader-3.20.0.jar because it was already located earlier
[28Sep2024 12:40:57.787] [main/DEBUG] [net.neoforged.fml.loading.moddiscovery.ModDiscoverer/]: Skipping D:\jais\.gradle\caches\modules-2\files-2.1\org.jline\jline-terminal\3.20.0\d0ddcc708ddf527a3454c941b7b9225cc83a15ff\jline-terminal-3.20.0.jar because it was already located earlier
[28Sep2024 12:40:57.788] [main/DEBUG] [net.neoforged.fml.loading.moddiscovery.ModDiscoverer/]: Skipping D:\jais\.gradle\caches\modules-2\files-2.1\org.codehaus.plexus\plexus-utils\3.3.0\cf43b5391de623b36fe066a21127baef82c64022\plexus-utils-3.3.0.jar because it was already located earlier
[28Sep2024 12:40:57.788] [main/DEBUG] [net.neoforged.fml.loading.moddiscovery.ModDiscoverer/]: Skipping D:\jais\.gradle\caches\modules-2\files-2.1\com.machinezoo.noexception\noexception\1.7.1\b65330c98e38a1f915fa54a6e5eca496505e3f0a\noexception-1.7.1.jar because it was already located earlier
[28Sep2024 12:40:57.788] [main/DEBUG] [net.neoforged.fml.loading.moddiscovery.ModDiscoverer/]: Skipping D:\jais\projects\everythingcopper-1.19\.gradle\repositories\ng_dummy_ng\net\minecraft\client\1.21.1\client-1.21.1-client-extra.jar because it was already located earlier
[28Sep2024 12:40:57.788] [main/DEBUG] [net.neoforged.fml.loading.moddiscovery.ModDiscoverer/]: Skipping D:\jais\.gradle\caches\modules-2\files-2.1\com.ibm.icu\icu4j\73.2\61ad4ef7f9131fcf6d25c34b817f90d6da06c9e9\icu4j-73.2.jar because it was already located earlier
[28Sep2024 12:40:57.788] [main/DEBUG] [net.neoforged.fml.loading.moddiscovery.ModDiscoverer/]: Skipping D:\jais\.gradle\caches\modules-2\files-2.1\com.mojang\blocklist\1.0.10\5c685c5ffa94c4cd39496c7184c1d122e515ecef\blocklist-1.0.10.jar because it was already located earlier
[28Sep2024 12:40:57.788] [main/DEBUG] [net.neoforged.fml.loading.moddiscovery.ModDiscoverer/]: Skipping D:\jais\.gradle\caches\modules-2\files-2.1\com.mojang\brigadier\1.3.10\d15b53a14cf20fdcaa98f731af5dda654452c010\brigadier-1.3.10.jar because it was already located earlier
[28Sep2024 12:40:57.788] [main/DEBUG] [net.neoforged.fml.loading.moddiscovery.ModDiscoverer/]: Skipping D:\jais\.gradle\caches\modules-2\files-2.1\org.apache.httpcomponents\httpclient\4.5.13\e5f6cae5ca7ecaac1ec2827a9e2d65ae2869cada\httpclient-4.5.13.jar because it was already located earlier
[28Sep2024 12:40:57.788] [main/DEBUG] [net.neoforged.fml.loading.moddiscovery.ModDiscoverer/]: Skipping D:\jais\.gradle\caches\modules-2\files-2.1\commons-codec\commons-codec\1.16.0\4e3eb3d79888d76b54e28b350915b5dc3919c9de\commons-codec-1.16.0.jar because it was already located earlier
[28Sep2024 12:40:57.788] [main/DEBUG] [net.neoforged.fml.loading.moddiscovery.ModDiscoverer/]: Skipping D:\jais\.gradle\caches\modules-2\files-2.1\commons-logging\commons-logging\1.2\4bfc12adfe4842bf07b657f0369c4cb522955686\commons-logging-1.2.jar because it was already located earlier
[28Sep2024 12:40:57.788] [main/DEBUG] [net.neoforged.fml.loading.moddiscovery.ModDiscoverer/]: Skipping D:\jais\.gradle\caches\modules-2\files-2.1\io.netty\netty-handler\4.1.97.Final\abb86c6906bf512bf2b797a41cd7d2e8d3cd7c36\netty-handler-4.1.97.Final.jar because it was already located earlier
[28Sep2024 12:40:57.789] [main/DEBUG] [net.neoforged.fml.loading.moddiscovery.ModDiscoverer/]: Skipping D:\jais\.gradle\caches\modules-2\files-2.1\io.netty\netty-codec\4.1.97.Final\384ba4d75670befbedb45c4d3b497a93639c206d\netty-codec-4.1.97.Final.jar because it was already located earlier
[28Sep2024 12:40:57.789] [main/DEBUG] [net.neoforged.fml.loading.moddiscovery.ModDiscoverer/]: Skipping D:\jais\.gradle\caches\modules-2\files-2.1\io.netty\netty-transport-classes-epoll\4.1.97.Final\795da37ded759e862457a82d9d92c4d39ce8ecee\netty-transport-classes-epoll-4.1.97.Final.jar because it was already located earlier
[28Sep2024 12:40:57.789] [main/DEBUG] [net.neoforged.fml.loading.moddiscovery.ModDiscoverer/]: Skipping D:\jais\.gradle\caches\modules-2\files-2.1\io.netty\netty-transport-native-unix-common\4.1.97.Final\d469d84265ab70095b01b40886cabdd433b6e664\netty-transport-native-unix-common-4.1.97.Final.jar because it was already located earlier
[28Sep2024 12:40:57.789] [main/DEBUG] [net.neoforged.fml.loading.moddiscovery.ModDiscoverer/]: Skipping D:\jais\.gradle\caches\modules-2\files-2.1\io.netty\netty-transport\4.1.97.Final\f37380d23c9bb079bc702910833b2fd532c9abd0\netty-transport-4.1.97.Final.jar because it was already located earlier
[28Sep2024 12:40:57.789] [main/DEBUG] [net.neoforged.fml.loading.moddiscovery.ModDiscoverer/]: Skipping D:\jais\.gradle\caches\modules-2\files-2.1\io.netty\netty-buffer\4.1.97.Final\f8f3d8644afa5e6e1a40a3a6aeb9d9aa970ecb4f\netty-buffer-4.1.97.Final.jar because it was already located earlier
[28Sep2024 12:40:57.789] [main/DEBUG] [net.neoforged.fml.loading.moddiscovery.ModDiscoverer/]: Skipping D:\jais\.gradle\caches\modules-2\files-2.1\io.netty\netty-resolver\4.1.97.Final\cec8348108dc76c47cf87c669d514be52c922144\netty-resolver-4.1.97.Final.jar because it was already located earlier
[28Sep2024 12:40:57.789] [main/DEBUG] [net.neoforged.fml.loading.moddiscovery.ModDiscoverer/]: Skipping D:\jais\.gradle\caches\modules-2\files-2.1\io.netty\netty-common\4.1.97.Final\7cceacaf11df8dc63f23d0fb58e9d4640fc88404\netty-common-4.1.97.Final.jar because it was already located earlier
[28Sep2024 12:40:57.789] [main/DEBUG] [net.neoforged.fml.loading.moddiscovery.ModDiscoverer/]: Skipping D:\jais\.gradle\caches\modules-2\files-2.1\it.unimi.dsi\fastutil\8.5.12\c24946d46824bd528054bface3231d2ecb7e95e8\fastutil-8.5.12.jar because it was already located earlier
[28Sep2024 12:40:57.789] [main/DEBUG] [net.neoforged.fml.loading.moddiscovery.ModDiscoverer/]: Skipping D:\jais\.gradle\caches\modules-2\files-2.1\net.java.dev.jna\jna-platform\5.14.0\28934d48aed814f11e4c584da55c49fa7032b31b\jna-platform-5.14.0.jar because it was already located earlier
[28Sep2024 12:40:57.789] [main/DEBUG] [net.neoforged.fml.loading.moddiscovery.ModDiscoverer/]: Skipping D:\jais\.gradle\caches\modules-2\files-2.1\ca.weblite\java-objc-bridge\1.1\1227f9e0666314f9de41477e3ec277e542ed7f7b\java-objc-bridge-1.1.jar because it was already located earlier
[28Sep2024 12:40:57.789] [main/DEBUG] [net.neoforged.fml.loading.moddiscovery.ModDiscoverer/]: Skipping D:\jais\.gradle\caches\modules-2\files-2.1\net.java.dev.jna\jna\5.14.0\67bf3eaea4f0718cb376a181a629e5f88fa1c9dd\jna-5.14.0.jar because it was already located earlier
[28Sep2024 12:40:57.789] [main/DEBUG] [net.neoforged.fml.loading.moddiscovery.ModDiscoverer/]: Skipping D:\jais\.gradle\caches\modules-2\files-2.1\org.apache.httpcomponents\httpcore\4.4.16\51cf043c87253c9f58b539c9f7e44c8894223850\httpcore-4.4.16.jar because it was already located earlier
[28Sep2024 12:40:57.790] [main/DEBUG] [net.neoforged.fml.loading.moddiscovery.ModDiscoverer/]: Skipping D:\jais\.gradle\caches\modules-2\files-2.1\org.jcraft\jorbis\0.0.17\8872d22b293e8f5d7d56ff92be966e6dc28ebdc6\jorbis-0.0.17.jar because it was already located earlier
[28Sep2024 12:40:57.790] [main/DEBUG] [net.neoforged.fml.loading.moddiscovery.ModDiscoverer/]: Skipping D:\jais\.gradle\caches\modules-2\files-2.1\org.joml\joml\1.10.5\22566d58af70ad3d72308bab63b8339906deb649\joml-1.10.5.jar because it was already located earlier
[28Sep2024 12:40:57.790] [main/DEBUG] [net.neoforged.fml.loading.moddiscovery.ModDiscoverer/]: Skipping D:\jais\.gradle\caches\modules-2\files-2.1\org.lwjgl\lwjgl-freetype\3.3.3\a0db6c84a8becc8ca05f9dbfa985edc348a824c7\lwjgl-freetype-3.3.3.jar because it was already located earlier
[28Sep2024 12:40:57.809] [main/DEBUG] [net.neoforged.fml.loading.moddiscovery.ModDiscoverer/]: Skipping D:\jais\.gradle\caches\modules-2\files-2.1\org.lwjgl\lwjgl-freetype\3.3.3\15a8c1de7f51d07a92eae7ce1222557073a0c0c3\lwjgl-freetype-3.3.3-natives-windows-x86.jar because it was already located earlier
[28Sep2024 12:40:57.810] [main/DEBUG] [net.neoforged.fml.loading.moddiscovery.ModDiscoverer/]: Skipping D:\jais\.gradle\caches\modules-2\files-2.1\org.lwjgl\lwjgl-glfw\3.3.3\efa1eb78c5ccd840e9f329717109b5e892d72f8e\lwjgl-glfw-3.3.3.jar because it was already located earlier
[28Sep2024 12:40:57.830] [main/DEBUG] [net.neoforged.fml.loading.moddiscovery.ModDiscoverer/]: Skipping D:\jais\.gradle\caches\modules-2\files-2.1\org.lwjgl\lwjgl-glfw\3.3.3\32334f3fd5270a59bad9939a93115acb6de36dcf\lwjgl-glfw-3.3.3-natives-windows-x86.jar because it was already located earlier
[28Sep2024 12:40:57.830] [main/DEBUG] [net.neoforged.fml.loading.moddiscovery.ModDiscoverer/]: Skipping D:\jais\.gradle\caches\modules-2\files-2.1\org.lwjgl\lwjgl-jemalloc\3.3.3\b543467b7ff3c6920539a88ee602d34098628be5\lwjgl-jemalloc-3.3.3.jar because it was already located earlier
[28Sep2024 12:40:57.830] [main/DEBUG] [net.neoforged.fml.loading.moddiscovery.ModDiscoverer/]: Skipping D:\jais\.gradle\caches\modules-2\files-2.1\org.lwjgl\lwjgl-jemalloc\3.3.3\426222fc027602a5f21b9c0fe79cde6a4c7a011f\lwjgl-jemalloc-3.3.3-natives-windows.jar because it was already located earlier
[28Sep2024 12:40:57.853] [main/DEBUG] [net.neoforged.fml.loading.moddiscovery.ModDiscoverer/]: Skipping D:\jais\.gradle\caches\modules-2\files-2.1\org.lwjgl\lwjgl-openal\3.3.3\daada81ceb5fc0c291fbfdd4433cb8d9423577f2\lwjgl-openal-3.3.3.jar because it was already located earlier
[28Sep2024 12:40:57.871] [main/DEBUG] [net.neoforged.fml.loading.moddiscovery.ModDiscoverer/]: Skipping D:\jais\.gradle\caches\modules-2\files-2.1\org.lwjgl\lwjgl-openal\3.3.3\87b8d5050e3adb46bb58fe1cb2669a4a48fce10d\lwjgl-openal-3.3.3-natives-windows-x86.jar because it was already located earlier
[28Sep2024 12:40:57.872] [main/DEBUG] [net.neoforged.fml.loading.moddiscovery.ModDiscoverer/]: Skipping D:\jais\.gradle\caches\modules-2\files-2.1\org.lwjgl\lwjgl-opengl\3.3.3\2f6b0147078396a58979125a4c947664e98293a\lwjgl-opengl-3.3.3.jar because it was already located earlier
[28Sep2024 12:40:57.879] [main/DEBUG] [net.neoforged.fml.loading.moddiscovery.ModDiscoverer/]: Skipping D:\jais\.gradle\caches\modules-2\files-2.1\org.lwjgl\lwjgl-opengl\3.3.3\65e956d3735a1abdc82eff4baec1b61174697d4b\lwjgl-opengl-3.3.3-natives-windows-arm64.jar because it was already located earlier
[28Sep2024 12:40:57.888] [main/DEBUG] [net.neoforged.fml.loading.moddiscovery.ModDiscoverer/]: Skipping D:\jais\.gradle\caches\modules-2\files-2.1\org.lwjgl\lwjgl-stb\3.3.3\25dd6161988d7e65f71d5065c99902402ee32746\lwjgl-stb-3.3.3.jar because it was already located earlier
[28Sep2024 12:40:57.888] [main/DEBUG] [net.neoforged.fml.loading.moddiscovery.ModDiscoverer/]: Skipping D:\jais\.gradle\caches\modules-2\files-2.1\org.lwjgl\lwjgl-stb\3.3.3\1d9facdf6541de114b0f963be33505b7679c78cb\lwjgl-stb-3.3.3-natives-windows.jar because it was already located earlier
[28Sep2024 12:40:57.903] [main/DEBUG] [net.neoforged.fml.loading.moddiscovery.ModDiscoverer/]: Skipping D:\jais\.gradle\caches\modules-2\files-2.1\org.lwjgl\lwjgl-tinyfd\3.3.3\82d755ca94b102e9ca77283b9e2dc46d1b15fbe5\lwjgl-tinyfd-3.3.3.jar because it was already located earlier
[28Sep2024 12:40:57.904] [main/DEBUG] [net.neoforged.fml.loading.moddiscovery.ModDiscoverer/]: Skipping D:\jais\.gradle\caches\modules-2\files-2.1\org.lwjgl\lwjgl-tinyfd\3.3.3\a6697981b0449a5087c1d546fc08b4f73e8f98c9\lwjgl-tinyfd-3.3.3-natives-windows.jar because it was already located earlier
[28Sep2024 12:40:57.921] [main/DEBUG] [net.neoforged.fml.loading.moddiscovery.ModDiscoverer/]: Skipping D:\jais\.gradle\caches\modules-2\files-2.1\org.lwjgl\lwjgl\3.3.3\29589b5f87ed335a6c7e7ee6a5775f81f97ecb84\lwjgl-3.3.3.jar because it was already located earlier
[28Sep2024 12:40:57.937] [main/DEBUG] [net.neoforged.fml.loading.moddiscovery.ModDiscoverer/]: Skipping D:\jais\.gradle\caches\modules-2\files-2.1\org.lwjgl\lwjgl\3.3.3\9e670718e050aeaeea0c2d5b907cffb142f2e58f\lwjgl-3.3.3-natives-windows-x86.jar because it was already located earlier
[28Sep2024 12:40:57.937] [main/DEBUG] [net.neoforged.fml.loading.moddiscovery.ModDiscoverer/]: Skipping D:\jais\.gradle\caches\modules-2\files-2.1\org.lz4\lz4-java\1.8.0\4b986a99445e49ea5fbf5d149c4b63f6ed6c6780\lz4-java-1.8.0.jar because it was already located earlier
[28Sep2024 12:40:57.937] [main/DEBUG] [net.neoforged.fml.loading.moddiscovery.ModDiscoverer/]: Skipping D:\jais\.gradle\caches\modules-2\files-2.1\org.jetbrains\annotations\24.1.0\7af6a669488450c4a07c2c3254e2151df42d7d04\annotations-24.1.0.jar because it was already located earlier
[28Sep2024 12:40:57.937] [main/DEBUG] [net.neoforged.fml.loading.moddiscovery.ModDiscoverer/SCAN]: Locator userdev mods and services found 5 mods, 0 warnings, 0 errors and skipped 85 candidates
[28Sep2024 12:40:57.941] [main/DEBUG] [net.neoforged.fml.loading.UniqueModListBuilder/]: Found 2 mods for first modid neoforge, selecting most recent based on version data
[28Sep2024 12:40:57.942] [main/DEBUG] [net.neoforged.fml.loading.UniqueModListBuilder/]: Selected file neoforge-21.1.35.jar for modid neoforge with version 21.1.35
[28Sep2024 12:40:57.948] [main/DEBUG] [net.neoforged.fml.loading.moddiscovery.ModDiscoverer/SCAN]: Successfully Loaded 6 mods. Attempting to load dependencies...
[28Sep2024 12:40:57.948] [main/DEBUG] [net.neoforged.fml.loading.moddiscovery.ModDiscoverer/SCAN]: Trying locator jarinjar
[28Sep2024 12:40:57.956] [main/TRACE] [net.neoforged.fml.loading.moddiscovery.locators.JarInJarDependencyLocator/]: Failed to load resource META-INF\jarjar\metadata.json from main, it does not contain dependency information.
[28Sep2024 12:40:57.957] [main/TRACE] [net.neoforged.fml.loading.moddiscovery.locators.JarInJarDependencyLocator/]: Failed to load resource META-INF\jarjar\metadata.json from neoforge-21.1.35.jar, it does not contain dependency information.
[28Sep2024 12:40:57.957] [main/TRACE] [net.neoforged.fml.loading.moddiscovery.locators.JarInJarDependencyLocator/]: Failed to load resource META-INF\jarjar\metadata.json from mixinextras-neoforge-0.4.1.jar, it does not contain dependency information.
[28Sep2024 12:40:57.958] [main/TRACE] [net.neoforged.fml.loading.moddiscovery.locators.JarInJarDependencyLocator/]: Failed to load resource META-INF\jarjar\metadata.json from jade-324717-5444008.jar, it does not contain dependency information.
[28Sep2024 12:40:57.958] [main/TRACE] [net.neoforged.fml.loading.moddiscovery.locators.JarInJarDependencyLocator/]: Failed to load resource META-INF\jarjar\metadata.json from jei-238222-5513346.jar, it does not contain dependency information.
[28Sep2024 12:40:58.123] [main/DEBUG] [net.neoforged.fml.loading.moddiscovery.readers.JarModsDotTomlModFileReader/SCAN]: Found META-INF/MANIFEST.MF mod of type GAMELIBRARY: 
[28Sep2024 12:40:58.126] [main/TRACE] [net.neoforged.fml.loading.moddiscovery.locators.JarInJarDependencyLocator/]: Failed to load resource META-INF\jarjar\metadata.json from mixinextras-neoforge-0.4.1.jar, it does not contain dependency information.
[28Sep2024 12:40:58.191] [main/DEBUG] [net.neoforged.fml.loading.moddiscovery.readers.JarModsDotTomlModFileReader/SCAN]: Found META-INF/MANIFEST.MF mod of type GAMELIBRARY: 
[28Sep2024 12:40:58.194] [main/WARN] [net.neoforged.jarjar.selection.JarSelector/]: Attempted to select a dependency jar for JarJar which was passed in as source: mixinextras-neoforge-0.4.1.jar. Using Mod File: D:\jais\.gradle\caches\modules-2\files-2.1\io.github.llamalad7\mixinextras-neoforge\0.4.1\eff97772ecd0dcf8e52cdbafd3b3ccec425f8314\mixinextras-neoforge-0.4.1.jar
[28Sep2024 12:40:58.194] [main/INFO] [net.neoforged.fml.loading.moddiscovery.locators.JarInJarDependencyLocator/]: No dependencies to load found. Skipping!
[28Sep2024 12:40:58.197] [main/DEBUG] [net.neoforged.fml.loading.moddiscovery.ModFileInfo/LOADING]: Found valid mod file neoforge-21.1.35.jar with {minecraft} mods - versions {1.21.1}
[28Sep2024 12:40:58.205] [main/DEBUG] [net.neoforged.fml.loading.moddiscovery.ModFile/LOADING]: Loading mod file D:\jais\projects\everythingcopper-1.19\.gradle\repositories\ng_dummy_ng\net\neoforged\neoforge\21.1.35\neoforge-21.1.35.jar with languages [LanguageSpec[languageName=minecraft, acceptedVersions=1]]
[28Sep2024 12:40:58.207] [main/DEBUG] [net.neoforged.fml.loading.moddiscovery.ModFileParser/LOADING]: Considering mod file candidate D:\jais\projects\everythingcopper-1.19\build\resources\main
[28Sep2024 12:40:58.212] [main/DEBUG] [net.neoforged.fml.loading.moddiscovery.ModFileInfo/LOADING]: Found valid mod file main with {everythingcopper} mods - versions {1.21.1-2.3.6}
[28Sep2024 12:40:58.212] [main/DEBUG] [net.neoforged.fml.loading.moddiscovery.ModFile/LOADING]: Loading mod file D:\jais\projects\everythingcopper-1.19\build\resources\main with languages [LanguageSpec[languageName=javafml, acceptedVersions=[2,)]]
[28Sep2024 12:40:58.213] [main/DEBUG] [net.neoforged.fml.loading.moddiscovery.ModFileParser/LOADING]: Considering mod file candidate D:\jais\.gradle\caches\modules-2\files-2.1\curse.maven\jade-324717\5444008\cf8f6dc9b9fcbbe204596ee21803ff5b22a5b61b\jade-324717-5444008.jar
[28Sep2024 12:40:58.216] [main/DEBUG] [net.neoforged.fml.loading.moddiscovery.ModFileInfo/LOADING]: Found valid mod file jade-324717-5444008.jar with {jade} mods - versions {15.0.5+neoforge}
[28Sep2024 12:40:58.217] [main/DEBUG] [net.neoforged.fml.loading.moddiscovery.ModFile/LOADING]: Loading mod file D:\jais\.gradle\caches\modules-2\files-2.1\curse.maven\jade-324717\5444008\cf8f6dc9b9fcbbe204596ee21803ff5b22a5b61b\jade-324717-5444008.jar with languages [LanguageSpec[languageName=javafml, acceptedVersions=[1,)]]
[28Sep2024 12:40:58.218] [main/DEBUG] [net.neoforged.fml.loading.moddiscovery.ModFile/LOADING]: Found mixin config jade.mixins.json
[28Sep2024 12:40:58.218] [main/DEBUG] [net.neoforged.fml.loading.moddiscovery.ModFileParser/LOADING]: Considering mod file candidate D:\jais\projects\everythingcopper-1.19\.gradle\repositories\ng_dummy_ng\net\neoforged\neoforge\21.1.35\neoforge-21.1.35.jar
[28Sep2024 12:40:58.221] [main/DEBUG] [net.neoforged.fml.loading.moddiscovery.ModFileInfo/LOADING]: Found valid mod file neoforge-21.1.35.jar with {neoforge} mods - versions {21.1.35}
[28Sep2024 12:40:58.222] [main/DEBUG] [net.neoforged.fml.loading.moddiscovery.ModFile/LOADING]: Loading mod file D:\jais\projects\everythingcopper-1.19\.gradle\repositories\ng_dummy_ng\net\neoforged\neoforge\21.1.35\neoforge-21.1.35.jar with languages [LanguageSpec[languageName=javafml, acceptedVersions=[3,]]]
[28Sep2024 12:40:58.226] [main/DEBUG] [net.neoforged.fml.loading.moddiscovery.ModFileParser/LOADING]: Found coremod field_to_method with Javascript path coremods/field_to_method.js
[28Sep2024 12:40:58.227] [main/DEBUG] [net.neoforged.fml.loading.moddiscovery.ModFileParser/LOADING]: Found coremod field_to_instanceof with Javascript path coremods/field_to_instanceof.js
[28Sep2024 12:40:58.227] [main/DEBUG] [net.neoforged.fml.loading.moddiscovery.ModFileParser/LOADING]: Found coremod add_bouncer_method with Javascript path coremods/add_bouncer_method.js
[28Sep2024 12:40:58.228] [main/DEBUG] [net.neoforged.fml.loading.moddiscovery.ModFileParser/LOADING]: Found coremod method_redirector with Javascript path coremods/method_redirector.js
[28Sep2024 12:40:58.228] [main/DEBUG] [net.neoforged.fml.loading.moddiscovery.ModFile/LOADING]: Found mixin config neoforge.mixins.json
[28Sep2024 12:40:58.228] [main/DEBUG] [net.neoforged.fml.loading.moddiscovery.ModFileParser/LOADING]: Considering mod file candidate D:\jais\.gradle\caches\modules-2\files-2.1\curse.maven\jei-238222\5513346\720c41d5988bb4b0e3db3fdbfc3d6fe3ad6bf4d2\jei-238222-5513346.jar
[28Sep2024 12:40:58.233] [main/DEBUG] [net.neoforged.fml.loading.moddiscovery.ModFileInfo/LOADING]: Found valid mod file jei-238222-5513346.jar with {jei} mods - versions {19.3.1.24}
[28Sep2024 12:40:58.233] [main/DEBUG] [net.neoforged.fml.loading.moddiscovery.ModFile/LOADING]: Loading mod file D:\jais\.gradle\caches\modules-2\files-2.1\curse.maven\jei-238222\5513346\720c41d5988bb4b0e3db3fdbfc3d6fe3ad6bf4d2\jei-238222-5513346.jar with languages [LanguageSpec[languageName=javafml, acceptedVersions=[4,)]]
[28Sep2024 12:40:58.233] [main/DEBUG] [net.neoforged.fml.loading.moddiscovery.ModFile/LOADING]: Loading mod file D:\jais\.gradle\caches\modules-2\files-2.1\io.github.llamalad7\mixinextras-neoforge\0.4.1\eff97772ecd0dcf8e52cdbafd3b3ccec425f8314\mixinextras-neoforge-0.4.1.jar with languages []
[28Sep2024 12:40:58.235] [main/DEBUG] [net.neoforged.fml.loading.moddiscovery.ModValidator/SCAN]: Found 6 mod files with 5 mods
[28Sep2024 12:40:58.237] [main/DEBUG] [cpw.mods.modlauncher.TransformationServiceDecorator/MODLAUNCHER]: End scan trigger - transformation service fml
[28Sep2024 12:40:58.254] [main/DEBUG] [net.neoforged.fml.util.ServiceLoaderUtil/CORE]: Found 3 implementations of IModLanguageLoader:
[28Sep2024 12:40:58.254] [main/DEBUG] [net.neoforged.fml.util.ServiceLoaderUtil/CORE]: 	net.neoforged.fml.javafmlmod.FMLJavaModLanguageProvider from loader-4.0.24.jar
[28Sep2024 12:40:58.255] [main/DEBUG] [net.neoforged.fml.util.ServiceLoaderUtil/CORE]: 	net.neoforged.fml.lowcodemod.LowCodeModLanguageProvider from loader-4.0.24.jar
[28Sep2024 12:40:58.255] [main/DEBUG] [net.neoforged.fml.util.ServiceLoaderUtil/CORE]: 	net.neoforged.fml.mclanguageprovider.MinecraftModLanguageProvider from loader-4.0.24.jar
[28Sep2024 12:40:58.256] [main/DEBUG] [net.neoforged.fml.loading.LanguageProviderLoader/CORE]: Found language provider javafml, version 4.0.24
[28Sep2024 12:40:58.257] [main/DEBUG] [net.neoforged.fml.loading.LanguageProviderLoader/CORE]: Found language provider lowcodefml, version 4.0.24
[28Sep2024 12:40:58.258] [main/DEBUG] [net.neoforged.fml.loading.LanguageProviderLoader/CORE]: Found language provider minecraft, version 4.0.24
[28Sep2024 12:40:58.268] [main/DEBUG] [net.neoforged.fml.loading.ModSorter/]: Configured system mods: [minecraft, neoforge]
[28Sep2024 12:40:58.269] [main/DEBUG] [net.neoforged.fml.loading.ModSorter/]: Found system mod: minecraft
[28Sep2024 12:40:58.269] [main/DEBUG] [net.neoforged.fml.loading.ModSorter/]: Found system mod: neoforge
[28Sep2024 12:40:58.274] [main/DEBUG] [net.neoforged.fml.loading.ModSorter/LOADING]: Found 5 mod requirements (5 mandatory, 0 optional)
[28Sep2024 12:40:58.276] [main/DEBUG] [net.neoforged.fml.loading.ModSorter/LOADING]: Found 0 mod requirements missing (0 mandatory, 0 optional)
[28Sep2024 12:40:58.308] [main/DEBUG] [net.neoforged.fml.loading.FMLLoader/SCAN]: Adding Access Transformer in D:\jais\projects\everythingcopper-1.19\build\resources\main
[28Sep2024 12:40:58.315] [main/DEBUG] [AXFORM/AXFORM]: Loading access transformer accesstransformer.cfg
[28Sep2024 12:40:58.423] [main/DEBUG] [AXFORM/AXFORM]: Loaded access transformer accesstransformer.cfg
[28Sep2024 12:40:58.423] [main/DEBUG] [net.neoforged.fml.loading.FMLLoader/SCAN]: Adding Access Transformer in D:\jais\.gradle\caches\modules-2\files-2.1\curse.maven\jade-324717\5444008\cf8f6dc9b9fcbbe204596ee21803ff5b22a5b61b\jade-324717-5444008.jar
[28Sep2024 12:40:58.423] [main/DEBUG] [AXFORM/AXFORM]: Loading access transformer accesstransformer.cfg
[28Sep2024 12:40:58.444] [main/DEBUG] [AXFORM/AXFORM]: Loaded access transformer accesstransformer.cfg
[28Sep2024 12:40:58.445] [main/DEBUG] [net.neoforged.fml.loading.FMLLoader/SCAN]: Adding Access Transformer in D:\jais\projects\everythingcopper-1.19\.gradle\repositories\ng_dummy_ng\net\neoforged\neoforge\21.1.35\neoforge-21.1.35.jar
[28Sep2024 12:40:58.449] [main/DEBUG] [AXFORM/AXFORM]: Loading access transformer accesstransformer.cfg
[28Sep2024 12:40:58.528] [main/DEBUG] [AXFORM/AXFORM]: Loaded access transformer accesstransformer.cfg
[28Sep2024 12:40:58.528] [main/DEBUG] [net.neoforged.fml.loading.FMLLoader/SCAN]: Adding Access Transformer in D:\jais\.gradle\caches\modules-2\files-2.1\curse.maven\jei-238222\5513346\720c41d5988bb4b0e3db3fdbfc3d6fe3ad6bf4d2\jei-238222-5513346.jar
[28Sep2024 12:40:58.529] [main/DEBUG] [AXFORM/AXFORM]: Loading access transformer accesstransformer.cfg
[28Sep2024 12:40:58.535] [main/DEBUG] [AXFORM/AXFORM]: Loaded access transformer accesstransformer.cfg
[28Sep2024 12:40:58.538] [main/DEBUG] [mixin/]: Adding mixin platform agents for container net.neoforged.fml.loading.mixin.FMLMixinContainerHandle@3b05a99b
[28Sep2024 12:40:58.538] [main/DEBUG] [mixin/]: Instancing new MixinPlatformAgentMinecraftForge for net.neoforged.fml.loading.mixin.FMLMixinContainerHandle@3b05a99b
[28Sep2024 12:40:58.538] [main/DEBUG] [mixin/]: MixinPlatformAgentMinecraftForge rejected container net.neoforged.fml.loading.mixin.FMLMixinContainerHandle@3b05a99b
[28Sep2024 12:40:58.538] [main/DEBUG] [mixin/]: Instancing new MixinPlatformAgentDefault for net.neoforged.fml.loading.mixin.FMLMixinContainerHandle@3b05a99b
[28Sep2024 12:40:58.538] [main/DEBUG] [mixin/]: MixinPlatformAgentDefault accepted container net.neoforged.fml.loading.mixin.FMLMixinContainerHandle@3b05a99b
[28Sep2024 12:40:58.539] [main/DEBUG] [mixin/]: Instancing new FMLMixinPlatformAgent for net.neoforged.fml.loading.mixin.FMLMixinContainerHandle@3b05a99b
[28Sep2024 12:40:58.539] [main/DEBUG] [mixin/]: FMLMixinPlatformAgent accepted container net.neoforged.fml.loading.mixin.FMLMixinContainerHandle@3b05a99b
[28Sep2024 12:40:58.562] [main/DEBUG] [cpw.mods.modlauncher.TransformationServicesHandler/MODLAUNCHER]: Transformation services loading transformers
[28Sep2024 12:40:58.563] [main/DEBUG] [cpw.mods.modlauncher.TransformationServiceDecorator/MODLAUNCHER]: Initializing transformers for transformation service mixin
[28Sep2024 12:40:58.568] [main/DEBUG] [cpw.mods.modlauncher.TransformationServiceDecorator/MODLAUNCHER]: Initialized transformers for transformation service mixin
[28Sep2024 12:40:58.568] [main/DEBUG] [cpw.mods.modlauncher.TransformationServiceDecorator/MODLAUNCHER]: Initializing transformers for transformation service fml
[28Sep2024 12:40:58.568] [main/DEBUG] [net.neoforged.fml.loading.FMLServiceProvider/LOADING]: Loading coremod transformers
[28Sep2024 12:40:58.569] [main/INFO] [net.neoforged.fml.loading.FMLServiceProvider/CORE]: Loading coremod script-engine for [neoforge]
[28Sep2024 12:40:58.573] [main/DEBUG] [net.neoforged.fml.loading.CoreModScriptLoader/CORE]: Loading coremod scripts
[28Sep2024 12:40:59.389] [main/DEBUG] [net.neoforged.coremod.CoreModScriptingEngine/COREMOD]: Loading CoreMod from coremods/field_to_method.js
[28Sep2024 12:40:59.842] [main/DEBUG] [net.neoforged.coremod.CoreModScriptingEngine/COREMOD]: CoreMod loaded successfully
[28Sep2024 12:40:59.842] [main/DEBUG] [net.neoforged.coremod.CoreModScriptingEngine/COREMOD]: Loading CoreMod from coremods/field_to_instanceof.js
[28Sep2024 12:40:59.971] [main/DEBUG] [net.neoforged.coremod.CoreModScriptingEngine/COREMOD]: CoreMod loaded successfully
[28Sep2024 12:40:59.971] [main/DEBUG] [net.neoforged.coremod.CoreModScriptingEngine/COREMOD]: Loading CoreMod from coremods/add_bouncer_method.js
[28Sep2024 12:41:00.066] [main/DEBUG] [net.neoforged.coremod.CoreModScriptingEngine/COREMOD]: CoreMod loaded successfully
[28Sep2024 12:41:00.067] [main/DEBUG] [net.neoforged.coremod.CoreModScriptingEngine/COREMOD]: Loading CoreMod from coremods/method_redirector.js
[28Sep2024 12:41:00.192] [main/DEBUG] [net.neoforged.coremod.CoreModScriptingEngine/COREMOD]: CoreMod loaded successfully
[28Sep2024 12:41:00.206] [main/DEBUG] [net.neoforged.fml.util.ServiceLoaderUtil/CORE]: Found 0 implementations of ICoreMod:
[28Sep2024 12:41:00.209] [main/DEBUG] [cpw.mods.modlauncher.TransformStore/MODLAUNCHER]: Adding transformer net.neoforged.coremod.transformer.CoreModClassTransformer@34332b8d to Target : cpw.mods.modlauncher.api.TargetType@13f17eb4 {Lnet/minecraft/world/level/biome/Biome;} {} {V}
[28Sep2024 12:41:00.211] [main/DEBUG] [cpw.mods.modlauncher.TransformStore/MODLAUNCHER]: Adding transformer net.neoforged.coremod.transformer.CoreModClassTransformer@462abec3 to Target : cpw.mods.modlauncher.api.TargetType@13f17eb4 {Lnet/minecraft/world/level/levelgen/structure/Structure;} {} {V}
[28Sep2024 12:41:00.211] [main/DEBUG] [cpw.mods.modlauncher.TransformStore/MODLAUNCHER]: Adding transformer net.neoforged.coremod.transformer.CoreModClassTransformer@35c9a231 to Target : cpw.mods.modlauncher.api.TargetType@13f17eb4 {Lnet/minecraft/world/level/block/FlowerPotBlock;} {} {V}
[28Sep2024 12:41:00.211] [main/DEBUG] [cpw.mods.modlauncher.TransformStore/MODLAUNCHER]: Adding transformer net.neoforged.coremod.transformer.CoreModClassTransformer@7a4d582c to Target : cpw.mods.modlauncher.api.TargetType@13f17eb4 {Lnet/minecraft/network/play/client/CClientSettingsPacket;} {} {V}
[28Sep2024 12:41:00.211] [main/DEBUG] [cpw.mods.modlauncher.TransformStore/MODLAUNCHER]: Adding transformer net.neoforged.coremod.transformer.CoreModClassTransformer@5626d18c to Target : cpw.mods.modlauncher.api.TargetType@13f17eb4 {Lnet/minecraft/world/entity/monster/ZombieVillager;} {} {V}
[28Sep2024 12:41:00.211] [main/DEBUG] [cpw.mods.modlauncher.TransformStore/MODLAUNCHER]: Adding transformer net.neoforged.coremod.transformer.CoreModClassTransformer@5626d18c to Target : cpw.mods.modlauncher.api.TargetType@13f17eb4 {Lnet/minecraft/server/commands/RaidCommand;} {} {V}
[28Sep2024 12:41:00.211] [main/DEBUG] [cpw.mods.modlauncher.TransformStore/MODLAUNCHER]: Adding transformer net.neoforged.coremod.transformer.CoreModClassTransformer@5626d18c to Target : cpw.mods.modlauncher.api.TargetType@13f17eb4 {Lnet/minecraft/world/level/levelgen/structure/structures/OceanMonumentPieces$OceanMonumentPiece;} {} {V}
[28Sep2024 12:41:00.212] [main/DEBUG] [cpw.mods.modlauncher.TransformStore/MODLAUNCHER]: Adding transformer net.neoforged.coremod.transformer.CoreModClassTransformer@5626d18c to Target : cpw.mods.modlauncher.api.TargetType@13f17eb4 {Lnet/minecraft/world/level/NaturalSpawner;} {} {V}
[28Sep2024 12:41:00.212] [main/DEBUG] [cpw.mods.modlauncher.TransformStore/MODLAUNCHER]: Adding transformer net.neoforged.coremod.transformer.CoreModClassTransformer@5626d18c to Target : cpw.mods.modlauncher.api.TargetType@13f17eb4 {Lnet/minecraft/world/entity/raid/Raid;} {} {V}
[28Sep2024 12:41:00.212] [main/DEBUG] [cpw.mods.modlauncher.TransformStore/MODLAUNCHER]: Adding transformer net.neoforged.coremod.transformer.CoreModClassTransformer@5626d18c to Target : cpw.mods.modlauncher.api.TargetType@13f17eb4 {Lnet/minecraft/world/entity/monster/Spider;} {} {V}
[28Sep2024 12:41:00.212] [main/DEBUG] [cpw.mods.modlauncher.TransformStore/MODLAUNCHER]: Adding transformer net.neoforged.coremod.transformer.CoreModClassTransformer@5626d18c to Target : cpw.mods.modlauncher.api.TargetType@13f17eb4 {Lnet/minecraft/world/entity/monster/Zombie;} {} {V}
[28Sep2024 12:41:00.212] [main/DEBUG] [cpw.mods.modlauncher.TransformStore/MODLAUNCHER]: Adding transformer net.neoforged.coremod.transformer.CoreModClassTransformer@5626d18c to Target : cpw.mods.modlauncher.api.TargetType@13f17eb4 {Lnet/minecraft/world/entity/npc/Villager;} {} {V}
[28Sep2024 12:41:00.212] [main/DEBUG] [cpw.mods.modlauncher.TransformStore/MODLAUNCHER]: Adding transformer net.neoforged.coremod.transformer.CoreModClassTransformer@5626d18c to Target : cpw.mods.modlauncher.api.TargetType@13f17eb4 {Lnet/minecraft/world/level/levelgen/structure/structures/OceanRuinPieces$OceanRuinPiece;} {} {V}
[28Sep2024 12:41:00.212] [main/DEBUG] [cpw.mods.modlauncher.TransformStore/MODLAUNCHER]: Adding transformer net.neoforged.coremod.transformer.CoreModClassTransformer@5626d18c to Target : cpw.mods.modlauncher.api.TargetType@13f17eb4 {Lnet/minecraft/world/entity/monster/Strider;} {} {V}
[28Sep2024 12:41:00.212] [main/DEBUG] [cpw.mods.modlauncher.TransformStore/MODLAUNCHER]: Adding transformer net.neoforged.coremod.transformer.CoreModClassTransformer@5626d18c to Target : cpw.mods.modlauncher.api.TargetType@13f17eb4 {Lnet/minecraft/world/entity/npc/CatSpawner;} {} {V}
[28Sep2024 12:41:00.213] [main/DEBUG] [cpw.mods.modlauncher.TransformStore/MODLAUNCHER]: Adding transformer net.neoforged.coremod.transformer.CoreModClassTransformer@5626d18c to Target : cpw.mods.modlauncher.api.TargetType@13f17eb4 {Lnet/minecraft/world/level/levelgen/PhantomSpawner;} {} {V}
[28Sep2024 12:41:00.214] [main/DEBUG] [cpw.mods.modlauncher.TransformStore/MODLAUNCHER]: Adding transformer net.neoforged.coremod.transformer.CoreModClassTransformer@5626d18c to Target : cpw.mods.modlauncher.api.TargetType@13f17eb4 {Lnet/minecraft/world/entity/EntityType;} {} {V}
[28Sep2024 12:41:00.214] [main/DEBUG] [cpw.mods.modlauncher.TransformStore/MODLAUNCHER]: Adding transformer net.neoforged.coremod.transformer.CoreModClassTransformer@5626d18c to Target : cpw.mods.modlauncher.api.TargetType@13f17eb4 {Lnet/minecraft/world/entity/animal/horse/SkeletonTrapGoal;} {} {V}
[28Sep2024 12:41:00.214] [main/DEBUG] [cpw.mods.modlauncher.TransformStore/MODLAUNCHER]: Adding transformer net.neoforged.coremod.transformer.CoreModClassTransformer@5626d18c to Target : cpw.mods.modlauncher.api.TargetType@13f17eb4 {Lnet/minecraft/world/level/levelgen/structure/structures/WoodlandMansionPieces$WoodlandMansionPiece;} {} {V}
[28Sep2024 12:41:00.214] [main/DEBUG] [cpw.mods.modlauncher.TransformStore/MODLAUNCHER]: Adding transformer net.neoforged.coremod.transformer.CoreModClassTransformer@5626d18c to Target : cpw.mods.modlauncher.api.TargetType@13f17eb4 {Lnet/minecraft/server/commands/SummonCommand;} {} {V}
[28Sep2024 12:41:00.215] [main/DEBUG] [cpw.mods.modlauncher.TransformStore/MODLAUNCHER]: Adding transformer net.neoforged.coremod.transformer.CoreModClassTransformer@5626d18c to Target : cpw.mods.modlauncher.api.TargetType@13f17eb4 {Lnet/minecraft/world/entity/animal/frog/Tadpole;} {} {V}
[28Sep2024 12:41:00.215] [main/DEBUG] [cpw.mods.modlauncher.TransformStore/MODLAUNCHER]: Adding transformer net.neoforged.coremod.transformer.CoreModClassTransformer@5626d18c to Target : cpw.mods.modlauncher.api.TargetType@13f17eb4 {Lnet/minecraft/world/entity/ai/village/VillageSiege;} {} {V}
[28Sep2024 12:41:00.216] [main/DEBUG] [cpw.mods.modlauncher.TransformStore/MODLAUNCHER]: Adding transformer net.neoforged.coremod.transformer.CoreModClassTransformer@5626d18c to Target : cpw.mods.modlauncher.api.TargetType@13f17eb4 {Lnet/minecraft/world/entity/monster/Evoker$EvokerSummonSpellGoal;} {} {V}
[28Sep2024 12:41:00.216] [main/DEBUG] [cpw.mods.modlauncher.TransformStore/MODLAUNCHER]: Adding transformer net.neoforged.coremod.transformer.CoreModClassTransformer@5626d18c to Target : cpw.mods.modlauncher.api.TargetType@13f17eb4 {Lnet/minecraft/world/level/levelgen/structure/structures/SwampHutPiece;} {} {V}
[28Sep2024 12:41:00.216] [main/DEBUG] [cpw.mods.modlauncher.TransformStore/MODLAUNCHER]: Adding transformer net.neoforged.coremod.transformer.CoreModClassTransformer@5626d18c to Target : cpw.mods.modlauncher.api.TargetType@13f17eb4 {Lnet/minecraft/world/level/levelgen/structure/templatesystem/StructureTemplate;} {} {V}
[28Sep2024 12:41:00.216] [main/DEBUG] [cpw.mods.modlauncher.TransformStore/MODLAUNCHER]: Adding transformer net.neoforged.coremod.transformer.CoreModClassTransformer@5626d18c to Target : cpw.mods.modlauncher.api.TargetType@13f17eb4 {Lnet/minecraft/world/level/levelgen/PatrolSpawner;} {} {V}
[28Sep2024 12:41:00.217] [main/DEBUG] [cpw.mods.modlauncher.TransformationServiceDecorator/MODLAUNCHER]: Initialized transformers for transformation service fml
[28Sep2024 12:41:00.484] [main/DEBUG] [mixin/]: Processing prepare() for PlatformAgent[MixinPlatformAgentDefault:ModLauncher Root Container(ModLauncher:4f56a0a2)]
[28Sep2024 12:41:00.486] [main/DEBUG] [mixin/]: Processing prepare() for PlatformAgent[MixinPlatformAgentDefault:net.neoforged.fml.loading.mixin.FMLMixinContainerHandle@3b05a99b]
[28Sep2024 12:41:00.486] [main/DEBUG] [mixin/]: Processing prepare() for PlatformAgent[FMLMixinPlatformAgent:null]
[28Sep2024 12:41:00.592] [main/DEBUG] [mixin/]: Processing launch tasks for PlatformAgent[MixinPlatformAgentDefault:ModLauncher Root Container(ModLauncher:4f56a0a2)]
[28Sep2024 12:41:00.593] [main/DEBUG] [mixin/]: Adding mixin platform agents for container SecureJarResource(mixin_synthetic)
[28Sep2024 12:41:00.594] [main/DEBUG] [mixin/]: Instancing new MixinPlatformAgentMinecraftForge for SecureJarResource(mixin_synthetic)
[28Sep2024 12:41:00.594] [main/DEBUG] [mixin/]: MixinPlatformAgentMinecraftForge rejected container SecureJarResource(mixin_synthetic)
[28Sep2024 12:41:00.595] [main/DEBUG] [mixin/]: Instancing new MixinPlatformAgentDefault for SecureJarResource(mixin_synthetic)
[28Sep2024 12:41:00.595] [main/DEBUG] [mixin/]: MixinPlatformAgentDefault accepted container SecureJarResource(mixin_synthetic)
[28Sep2024 12:41:00.595] [main/DEBUG] [mixin/]: Instancing new FMLMixinPlatformAgent for SecureJarResource(mixin_synthetic)
[28Sep2024 12:41:00.596] [main/DEBUG] [mixin/]: FMLMixinPlatformAgent rejected container SecureJarResource(mixin_synthetic)
[28Sep2024 12:41:00.596] [main/DEBUG] [mixin/]: Processing prepare() for PlatformAgent[MixinPlatformAgentDefault:SecureJarResource(mixin_synthetic)]
[28Sep2024 12:41:00.596] [main/DEBUG] [mixin/]: Adding mixin platform agents for container SecureJarResource(everythingcopper)
[28Sep2024 12:41:00.597] [main/DEBUG] [mixin/]: Instancing new MixinPlatformAgentMinecraftForge for SecureJarResource(everythingcopper)
[28Sep2024 12:41:00.597] [main/DEBUG] [mixin/]: MixinPlatformAgentMinecraftForge rejected container SecureJarResource(everythingcopper)
[28Sep2024 12:41:00.597] [main/DEBUG] [mixin/]: Instancing new MixinPlatformAgentDefault for SecureJarResource(everythingcopper)
[28Sep2024 12:41:00.597] [main/DEBUG] [mixin/]: MixinPlatformAgentDefault accepted container SecureJarResource(everythingcopper)
[28Sep2024 12:41:00.597] [main/DEBUG] [mixin/]: Instancing new FMLMixinPlatformAgent for SecureJarResource(everythingcopper)
[28Sep2024 12:41:00.597] [main/DEBUG] [mixin/]: FMLMixinPlatformAgent rejected container SecureJarResource(everythingcopper)
[28Sep2024 12:41:00.597] [main/DEBUG] [mixin/]: Processing prepare() for PlatformAgent[MixinPlatformAgentDefault:SecureJarResource(everythingcopper)]
[28Sep2024 12:41:00.598] [main/DEBUG] [mixin/]: Adding mixin platform agents for container SecureJarResource(minecraft)
[28Sep2024 12:41:00.601] [main/DEBUG] [mixin/]: Instancing new MixinPlatformAgentMinecraftForge for SecureJarResource(minecraft)
[28Sep2024 12:41:00.602] [main/DEBUG] [mixin/]: MixinPlatformAgentMinecraftForge rejected container SecureJarResource(minecraft)
[28Sep2024 12:41:00.602] [main/DEBUG] [mixin/]: Instancing new MixinPlatformAgentDefault for SecureJarResource(minecraft)
[28Sep2024 12:41:00.602] [main/DEBUG] [mixin/]: MixinPlatformAgentDefault accepted container SecureJarResource(minecraft)
[28Sep2024 12:41:00.603] [main/DEBUG] [mixin/]: Instancing new FMLMixinPlatformAgent for SecureJarResource(minecraft)
[28Sep2024 12:41:00.603] [main/DEBUG] [mixin/]: FMLMixinPlatformAgent rejected container SecureJarResource(minecraft)
[28Sep2024 12:41:00.603] [main/DEBUG] [mixin/]: Processing prepare() for PlatformAgent[MixinPlatformAgentDefault:SecureJarResource(minecraft)]
[28Sep2024 12:41:00.603] [main/DEBUG] [mixin/]: Adding mixin platform agents for container SecureJarResource(jade)
[28Sep2024 12:41:00.603] [main/DEBUG] [mixin/]: Instancing new MixinPlatformAgentMinecraftForge for SecureJarResource(jade)
[28Sep2024 12:41:00.603] [main/DEBUG] [mixin/]: MixinPlatformAgentMinecraftForge rejected container SecureJarResource(jade)
[28Sep2024 12:41:00.603] [main/DEBUG] [mixin/]: Instancing new MixinPlatformAgentDefault for SecureJarResource(jade)
[28Sep2024 12:41:00.604] [main/DEBUG] [mixin/]: MixinPlatformAgentDefault accepted container SecureJarResource(jade)
[28Sep2024 12:41:00.604] [main/DEBUG] [mixin/]: Instancing new FMLMixinPlatformAgent for SecureJarResource(jade)
[28Sep2024 12:41:00.604] [main/DEBUG] [mixin/]: FMLMixinPlatformAgent rejected container SecureJarResource(jade)
[28Sep2024 12:41:00.604] [main/DEBUG] [mixin/]: Processing prepare() for PlatformAgent[MixinPlatformAgentDefault:SecureJarResource(jade)]
[28Sep2024 12:41:00.604] [main/DEBUG] [mixin/]: Registering mixin config: jade.mixins.json source=SecureJarResource(jade)
[28Sep2024 12:41:00.604] [main/DEBUG] [mixin/]: Adding mixin platform agents for container SecureJarResource(jei)
[28Sep2024 12:41:00.605] [main/DEBUG] [mixin/]: Instancing new MixinPlatformAgentMinecraftForge for SecureJarResource(jei)
[28Sep2024 12:41:00.605] [main/DEBUG] [mixin/]: MixinPlatformAgentMinecraftForge rejected container SecureJarResource(jei)
[28Sep2024 12:41:00.605] [main/DEBUG] [mixin/]: Instancing new MixinPlatformAgentDefault for SecureJarResource(jei)
[28Sep2024 12:41:00.605] [main/DEBUG] [mixin/]: MixinPlatformAgentDefault accepted container SecureJarResource(jei)
[28Sep2024 12:41:00.605] [main/DEBUG] [mixin/]: Instancing new FMLMixinPlatformAgent for SecureJarResource(jei)
[28Sep2024 12:41:00.606] [main/DEBUG] [mixin/]: FMLMixinPlatformAgent rejected container SecureJarResource(jei)
[28Sep2024 12:41:00.606] [main/DEBUG] [mixin/]: Processing prepare() for PlatformAgent[MixinPlatformAgentDefault:SecureJarResource(jei)]
[28Sep2024 12:41:00.606] [main/DEBUG] [mixin/]: Adding mixin platform agents for container SecureJarResource(mixinextras.neoforge)
[28Sep2024 12:41:00.606] [main/DEBUG] [mixin/]: Instancing new MixinPlatformAgentMinecraftForge for SecureJarResource(mixinextras.neoforge)
[28Sep2024 12:41:00.607] [main/DEBUG] [mixin/]: MixinPlatformAgentMinecraftForge rejected container SecureJarResource(mixinextras.neoforge)
[28Sep2024 12:41:00.607] [main/DEBUG] [mixin/]: Instancing new MixinPlatformAgentDefault for SecureJarResource(mixinextras.neoforge)
[28Sep2024 12:41:00.607] [main/DEBUG] [mixin/]: MixinPlatformAgentDefault accepted container SecureJarResource(mixinextras.neoforge)
[28Sep2024 12:41:00.607] [main/DEBUG] [mixin/]: Instancing new FMLMixinPlatformAgent for SecureJarResource(mixinextras.neoforge)
[28Sep2024 12:41:00.607] [main/DEBUG] [mixin/]: FMLMixinPlatformAgent rejected container SecureJarResource(mixinextras.neoforge)
[28Sep2024 12:41:00.608] [main/DEBUG] [mixin/]: Processing prepare() for PlatformAgent[MixinPlatformAgentDefault:SecureJarResource(mixinextras.neoforge)]
[28Sep2024 12:41:00.611] [main/DEBUG] [mixin/]: Registering mixin config: mixinextras.init.mixins.json source=SecureJarResource(mixinextras.neoforge)
[28Sep2024 12:41:00.618] [main/DEBUG] [mixin/]: inject() running with 8 agents
[28Sep2024 12:41:00.618] [main/DEBUG] [mixin/]: Processing inject() for PlatformAgent[MixinPlatformAgentDefault:ModLauncher Root Container(ModLauncher:4f56a0a2)]
[28Sep2024 12:41:00.618] [main/DEBUG] [mixin/]: Processing inject() for PlatformAgent[MixinPlatformAgentDefault:net.neoforged.fml.loading.mixin.FMLMixinContainerHandle@3b05a99b]
[28Sep2024 12:41:00.618] [main/DEBUG] [mixin/]: Processing inject() for PlatformAgent[FMLMixinPlatformAgent:null]
[28Sep2024 12:41:00.619] [main/DEBUG] [mixin/]: Processing inject() for PlatformAgent[MixinPlatformAgentDefault:SecureJarResource(mixin_synthetic)]
[28Sep2024 12:41:00.619] [main/DEBUG] [mixin/]: Processing inject() for PlatformAgent[MixinPlatformAgentDefault:SecureJarResource(everythingcopper)]
[28Sep2024 12:41:00.619] [main/DEBUG] [mixin/]: Processing inject() for PlatformAgent[MixinPlatformAgentDefault:SecureJarResource(minecraft)]
[28Sep2024 12:41:00.619] [main/DEBUG] [mixin/]: Processing inject() for PlatformAgent[MixinPlatformAgentDefault:SecureJarResource(jade)]
[28Sep2024 12:41:00.619] [main/DEBUG] [mixin/]: Processing inject() for PlatformAgent[MixinPlatformAgentDefault:SecureJarResource(jei)]
[28Sep2024 12:41:00.619] [main/DEBUG] [mixin/]: Processing inject() for PlatformAgent[MixinPlatformAgentDefault:SecureJarResource(mixinextras.neoforge)]
[28Sep2024 12:41:00.620] [main/INFO] [cpw.mods.modlauncher.LaunchServiceHandler/MODLAUNCHER]: Launching target 'forgeclientuserdev' with arguments [--version, 21.1.35, --gameDir, ., --assetsDir, D:\jais\.gradle\caches\minecraft\assets\1.21.1, --assetIndex, asset-index]
[28Sep2024 12:41:00.744] [main/DEBUG] [mixin/]: Preparing mixins for MixinEnvironment[DEFAULT]
[28Sep2024 12:41:00.744] [main/DEBUG] [mixin/]: Selecting config jade.mixins.json
[28Sep2024 12:41:00.753] [main/DEBUG] [mixin/]: Selecting config neoforge.mixins.json
[28Sep2024 12:41:00.754] [main/DEBUG] [mixin/]: Selecting config mixinextras.init.mixins.json
[28Sep2024 12:41:00.814] [main/DEBUG] [MixinExtras|Service/]: com.llamalad7.mixinextras.service.MixinExtrasServiceImpl(version=0.4.1) is taking over from null
[28Sep2024 12:41:00.871] [main/DEBUG] [mixin/]: Registering new injector for @Inject with org.spongepowered.asm.mixin.injection.struct.CallbackInjectionInfo
[28Sep2024 12:41:00.873] [main/DEBUG] [mixin/]: Registering new injector for @ModifyArg with org.spongepowered.asm.mixin.injection.struct.ModifyArgInjectionInfo
[28Sep2024 12:41:00.879] [main/DEBUG] [mixin/]: Registering new injector for @ModifyArgs with org.spongepowered.asm.mixin.injection.struct.ModifyArgsInjectionInfo
[28Sep2024 12:41:00.884] [main/DEBUG] [mixin/]: Registering new injector for @Redirect with org.spongepowered.asm.mixin.injection.struct.RedirectInjectionInfo
[28Sep2024 12:41:00.887] [main/DEBUG] [mixin/]: Registering new injector for @ModifyVariable with org.spongepowered.asm.mixin.injection.struct.ModifyVariableInjectionInfo
[28Sep2024 12:41:00.890] [main/DEBUG] [mixin/]: Registering new injector for @ModifyConstant with org.spongepowered.asm.mixin.injection.struct.ModifyConstantInjectionInfo
[28Sep2024 12:41:00.912] [main/DEBUG] [mixin/]: Preparing jade.mixins.json (3)
[28Sep2024 12:41:00.962] [main/DEBUG] [net.neoforged.accesstransformer.AccessTransformer/AXFORM]: Transforming net.minecraft.client.gui.Font INNERCLASS StringRenderOutput to access PUBLIC and LEAVE
[28Sep2024 12:41:00.963] [main/DEBUG] [net.neoforged.fml.common.asm.RuntimeDistCleaner/DISTXFORM]: Removing Class Annotation: net/minecraft/client/gui/Font @Lnet/neoforged/api/distmarker/OnlyIn;
[28Sep2024 12:41:00.971] [main/TRACE] [mixin/]: Added class metadata for net/minecraft/client/gui/Font to metadata cache
[28Sep2024 12:41:00.978] [main/DEBUG] [net.neoforged.accesstransformer.AccessTransformer/AXFORM]: Transforming net.minecraft.client.multiplayer.SessionSearchTrees INNERCLASS Key to access PUBLIC and LEAVE
[28Sep2024 12:41:00.980] [main/DEBUG] [net.neoforged.accesstransformer.AccessTransformer/AXFORM]: Transforming net.minecraft.client.multiplayer.SessionSearchTrees FIELD CREATIVE_NAMES to access PUBLIC and LEAVE
[28Sep2024 12:41:00.980] [main/DEBUG] [net.neoforged.accesstransformer.AccessTransformer/AXFORM]: Transforming net.minecraft.client.multiplayer.SessionSearchTrees FIELD CREATIVE_TAGS to access PUBLIC and LEAVE
[28Sep2024 12:41:00.980] [main/DEBUG] [net.neoforged.fml.common.asm.RuntimeDistCleaner/DISTXFORM]: Removing Class Annotation: net/minecraft/client/multiplayer/SessionSearchTrees @Lnet/neoforged/api/distmarker/OnlyIn;
[28Sep2024 12:41:00.986] [main/TRACE] [mixin/]: Added class metadata for net/minecraft/client/multiplayer/SessionSearchTrees to metadata cache
[28Sep2024 12:41:00.989] [main/DEBUG] [net.neoforged.accesstransformer.AccessTransformer/AXFORM]: Transforming net.minecraft.client.gui.Font$StringRenderOutput CLASS to access PUBLIC and LEAVE
[28Sep2024 12:41:00.991] [main/DEBUG] [net.neoforged.fml.common.asm.RuntimeDistCleaner/DISTXFORM]: Removing Class Annotation: net/minecraft/client/gui/Font$StringRenderOutput @Lnet/neoforged/api/distmarker/OnlyIn;
[28Sep2024 12:41:00.994] [main/TRACE] [mixin/]: Added class metadata for net/minecraft/client/gui/Font$StringRenderOutput to metadata cache
[28Sep2024 12:41:00.994] [main/DEBUG] [mixin/]: Preparing neoforge.mixins.json (2)
[28Sep2024 12:41:01.001] [main/DEBUG] [net.neoforged.accesstransformer.AccessTransformer/AXFORM]: Transforming net.minecraft.world.level.block.entity.BlockEntityType INNERCLASS BlockEntitySupplier to access PUBLIC and LEAVE
[28Sep2024 12:41:01.006] [main/TRACE] [mixin/]: Added class metadata for net/minecraft/world/level/block/entity/BlockEntityType to metadata cache
[28Sep2024 12:41:01.014] [main/TRACE] [mixin/]: Added class metadata for net/minecraft/core/MappedRegistry to metadata cache
[28Sep2024 12:41:01.015] [main/DEBUG] [mixin/]: Preparing mixinextras.init.mixins.json (0)
[28Sep2024 12:41:01.026] [main/TRACE] [mixin/]: Added class metadata for net/minecraft/world/item/Item$TooltipContext to metadata cache
[28Sep2024 12:41:01.027] [main/DEBUG] [net.neoforged.fml.common.asm.RuntimeDistCleaner/DISTXFORM]: Removing Class Annotation: net/minecraft/client/gui/Font$DisplayMode @Lnet/neoforged/api/distmarker/OnlyIn;
[28Sep2024 12:41:01.028] [main/TRACE] [mixin/]: Added class metadata for net/minecraft/client/gui/Font$DisplayMode to metadata cache
[28Sep2024 12:41:01.037] [main/DEBUG] [mixin/]: Prepared 5 mixins in 0.289 sec (57.8ms avg) (0ms load, 0ms transform, 0ms plugin)
[28Sep2024 12:41:01.039] [main/DEBUG] [net.neoforged.fml.common.asm.RuntimeDistCleaner/DISTXFORM]: Removing Class Annotation: net/minecraft/client/gui/screens/LoadingOverlay @Lnet/neoforged/api/distmarker/OnlyIn;
[28Sep2024 12:41:01.042] [main/DEBUG] [net.neoforged.fml.common.asm.RuntimeDistCleaner/DISTXFORM]: Removing Class Annotation: net/minecraft/client/gui/screens/Overlay @Lnet/neoforged/api/distmarker/OnlyIn;
[28Sep2024 12:41:01.043] [main/DEBUG] [net.neoforged.fml.common.asm.RuntimeDistCleaner/DISTXFORM]: Removing Class Annotation: net/minecraft/client/gui/components/Renderable @Lnet/neoforged/api/distmarker/OnlyIn;
[28Sep2024 12:41:01.046] [main/DEBUG] [net.neoforged.fml.common.asm.RuntimeDistCleaner/DISTXFORM]: Removing Class Annotation: net/minecraft/client/renderer/texture/AbstractTexture @Lnet/neoforged/api/distmarker/OnlyIn;
[28Sep2024 12:41:01.048] [main/DEBUG] [net.neoforged.fml.common.asm.RuntimeDistCleaner/DISTXFORM]: Removing Class Annotation: net/minecraft/client/gui/screens/LoadingOverlay$LogoTexture @Lnet/neoforged/api/distmarker/OnlyIn;
[28Sep2024 12:41:01.051] [main/DEBUG] [net.neoforged.fml.common.asm.RuntimeDistCleaner/DISTXFORM]: Removing Class Annotation: net/minecraft/client/renderer/texture/SimpleTexture @Lnet/neoforged/api/distmarker/OnlyIn;
[28Sep2024 12:41:01.053] [main/DEBUG] [net.neoforged.fml.common.asm.RuntimeDistCleaner/DISTXFORM]: Removing Class Annotation: com/mojang/blaze3d/vertex/VertexConsumer @Lnet/neoforged/api/distmarker/OnlyIn;
[28Sep2024 12:41:01.058] [main/DEBUG] [net.neoforged.accesstransformer.AccessTransformer/AXFORM]: Transforming net.minecraft.client.gui.GuiGraphics METHOD blitSprite(Lnet/minecraft/client/renderer/texture/TextureAtlasSprite;IIIIIIIII)V to access PUBLIC and LEAVE
[28Sep2024 12:41:01.059] [main/DEBUG] [net.neoforged.accesstransformer.AccessTransformer/AXFORM]: Transforming net.minecraft.client.gui.GuiGraphics METHOD blitTiledSprite(Lnet/minecraft/client/renderer/texture/TextureAtlasSprite;IIIIIIIIIII)V to access PUBLIC and LEAVE
[28Sep2024 12:41:01.063] [main/DEBUG] [net.neoforged.fml.common.asm.RuntimeDistCleaner/DISTXFORM]: Removing Class Annotation: net/minecraft/client/gui/GuiGraphics @Lnet/neoforged/api/distmarker/OnlyIn;
[28Sep2024 12:41:01.081] [main/DEBUG] [net.neoforged.accesstransformer.AccessTransformer/AXFORM]: Transforming net.minecraft.client.Minecraft FIELD pendingConnection to access PUBLIC and LEAVE
[28Sep2024 12:41:01.081] [main/DEBUG] [net.neoforged.accesstransformer.AccessTransformer/AXFORM]: Transforming net.minecraft.client.Minecraft METHOD addCustomNbtData(Lnet/minecraft/world/item/ItemStack;Lnet/minecraft/world/level/block/entity/BlockEntity;Lnet/minecraft/core/RegistryAccess;)V to access PUBLIC and LEAVE
[28Sep2024 12:41:01.084] [main/DEBUG] [net.neoforged.fml.common.asm.RuntimeDistCleaner/DISTXFORM]: Removing Class Annotation: net/minecraft/client/Minecraft @Lnet/neoforged/api/distmarker/OnlyIn;
[28Sep2024 12:41:01.106] [main/DEBUG] [net.neoforged.fml.common.asm.RuntimeDistCleaner/DISTXFORM]: Removing Class Annotation: com/mojang/blaze3d/platform/WindowEventHandler @Lnet/neoforged/api/distmarker/OnlyIn;
[28Sep2024 12:41:01.117] [main/DEBUG] [net.neoforged.accesstransformer.AccessTransformer/AXFORM]: Transforming net.minecraft.util.thread.BlockableEventLoop METHOD submitAsync(Ljava/lang/Runnable;)Ljava/util/concurrent/CompletableFuture; to access PUBLIC and LEAVE
[28Sep2024 12:41:01.727] [main/DEBUG] [io.netty.util.internal.logging.InternalLoggerFactory/]: Using SLF4J as the default logging framework
[28Sep2024 12:41:01.735] [main/DEBUG] [io.netty.util.ResourceLeakDetector/]: -Dio.netty.leakDetection.level: simple
[28Sep2024 12:41:01.735] [main/DEBUG] [io.netty.util.ResourceLeakDetector/]: -Dio.netty.leakDetection.targetRecords: 4
[28Sep2024 12:41:03.654] [main/DEBUG] [oshi.util.FileUtil/]: No oshi.properties file found from ClassLoader cpw.mods.modlauncher.TransformingClassLoader@3bec5821
[28Sep2024 12:41:04.464] [Datafixer Bootstrap/INFO] [com.mojang.datafixers.DataFixerBuilder/]: 229 Datafixer optimizations took 869 milliseconds
[28Sep2024 12:41:04.583] [main/DEBUG] [oshi.util.FileUtil/]: No oshi.architecture.properties file found from ClassLoader cpw.mods.modlauncher.TransformingClassLoader@3bec5821
[28Sep2024 12:41:04.759] [pool-9-thread-1/INFO] [MixinExtras|Service/]: Initializing MixinExtras via com.llamalad7.mixinextras.service.MixinExtrasServiceImpl(version=0.4.1).
[28Sep2024 12:41:04.761] [pool-9-thread-1/DEBUG] [mixin/]: Registering new injector for @SugarWrapper with com.llamalad7.mixinextras.sugar.impl.SugarWrapperInjectionInfo
[28Sep2024 12:41:04.762] [pool-9-thread-1/DEBUG] [mixin/]: Registering new injector for @FactoryRedirectWrapper with com.llamalad7.mixinextras.wrapper.factory.FactoryRedirectWrapperInjectionInfo
[28Sep2024 12:41:04.769] [pool-9-thread-1/DEBUG] [mixin/]: Mixing MappedRegistryAccessor from neoforge.mixins.json into net.minecraft.core.MappedRegistry
[28Sep2024 12:41:04.774] [pool-9-thread-1/DEBUG] [mixin/]: neoforge.mixins.json:MappedRegistryAccessor from mod neoforge: Class version 65 required is higher than the class version supported by the current version of Mixin (JAVA_16 supports class version 60)
[28Sep2024 12:41:05.959] [pool-9-thread-1/DEBUG] [net.neoforged.coremod.transformer.CoreModBaseTransformer/COREMOD]: Transforming net/minecraft/world/level/block/FlowerPotBlock
[28Sep2024 12:41:06.037] [pool-9-thread-1/DEBUG] [net.neoforged.coremod.transformer.CoreModBaseTransformer/COREMOD]: Transforming net/minecraft/world/entity/EntityType
[28Sep2024 12:41:07.193] [pool-9-thread-1/DEBUG] [mixin/]: Mixing BlockEntityTypeAccessor from neoforge.mixins.json into net.minecraft.world.level.block.entity.BlockEntityType
[28Sep2024 12:41:07.204] [pool-9-thread-1/DEBUG] [mixin/]: neoforge.mixins.json:BlockEntityTypeAccessor from mod neoforge: Class version 65 required is higher than the class version supported by the current version of Mixin (JAVA_16 supports class version 60)
[28Sep2024 12:41:07.586] [pool-9-thread-1/DEBUG] [net.neoforged.coremod.transformer.CoreModBaseTransformer/COREMOD]: Transforming net/minecraft/world/level/biome/Biome
[28Sep2024 12:41:08.402] [pool-9-thread-1/DEBUG] [net.neoforged.coremod.transformer.CoreModBaseTransformer/COREMOD]: Transforming net/minecraft/world/entity/animal/frog/Tadpole
[28Sep2024 12:41:09.467] [pool-9-thread-1/DEBUG] [io.netty.util.internal.PlatformDependent0/]: -Dio.netty.noUnsafe: false
[28Sep2024 12:41:09.468] [pool-9-thread-1/DEBUG] [io.netty.util.internal.PlatformDependent0/]: Java version: 21
[28Sep2024 12:41:09.470] [pool-9-thread-1/DEBUG] [io.netty.util.internal.PlatformDependent0/]: sun.misc.Unsafe.theUnsafe: available
[28Sep2024 12:41:09.471] [pool-9-thread-1/DEBUG] [io.netty.util.internal.PlatformDependent0/]: sun.misc.Unsafe.copyMemory: available
[28Sep2024 12:41:09.471] [pool-9-thread-1/DEBUG] [io.netty.util.internal.PlatformDependent0/]: sun.misc.Unsafe.storeFence: available
[28Sep2024 12:41:09.472] [pool-9-thread-1/DEBUG] [io.netty.util.internal.PlatformDependent0/]: java.nio.Buffer.address: available
[28Sep2024 12:41:09.475] [pool-9-thread-1/DEBUG] [io.netty.util.internal.PlatformDependent0/]: java.nio.Bits.unaligned: available, true
[28Sep2024 12:41:09.478] [pool-9-thread-1/DEBUG] [io.netty.util.internal.PlatformDependent0/]: java.nio.DirectByteBuffer.<init>(long, {int,long}): unavailable
[28Sep2024 12:41:09.478] [pool-9-thread-1/DEBUG] [io.netty.util.internal.PlatformDependent/]: sun.misc.Unsafe: available
[28Sep2024 12:41:09.480] [pool-9-thread-1/DEBUG] [io.netty.util.internal.PlatformDependent/]: maxDirectMemory: 3735027712 bytes (maybe)
[28Sep2024 12:41:09.481] [pool-9-thread-1/DEBUG] [io.netty.util.internal.PlatformDependent/]: -Dio.netty.tmpdir: C:\Users\Jais\AppData\Local\Temp (java.io.tmpdir)
[28Sep2024 12:41:09.481] [pool-9-thread-1/DEBUG] [io.netty.util.internal.PlatformDependent/]: -Dio.netty.bitMode: 64 (sun.arch.data.model)
[28Sep2024 12:41:09.482] [pool-9-thread-1/DEBUG] [io.netty.util.internal.PlatformDependent/]: Platform: Windows
[28Sep2024 12:41:09.483] [pool-9-thread-1/DEBUG] [io.netty.util.internal.PlatformDependent/]: -Dio.netty.maxDirectMemory: -1 bytes
[28Sep2024 12:41:09.484] [pool-9-thread-1/DEBUG] [io.netty.util.internal.PlatformDependent/]: -Dio.netty.uninitializedArrayAllocationThreshold: -1
[28Sep2024 12:41:09.487] [pool-9-thread-1/DEBUG] [io.netty.util.internal.CleanerJava9/]: java.nio.ByteBuffer.cleaner(): available
[28Sep2024 12:41:09.487] [pool-9-thread-1/DEBUG] [io.netty.util.internal.PlatformDependent/]: -Dio.netty.noPreferDirect: false
[28Sep2024 12:41:10.146] [pool-9-thread-1/DEBUG] [net.neoforged.coremod.transformer.CoreModBaseTransformer/COREMOD]: Transforming net/minecraft/world/entity/monster/Spider
[28Sep2024 12:41:10.236] [pool-9-thread-1/DEBUG] [net.neoforged.coremod.transformer.CoreModBaseTransformer/COREMOD]: Transforming net/minecraft/world/entity/monster/Zombie
[28Sep2024 12:41:10.313] [pool-9-thread-1/DEBUG] [net.neoforged.coremod.transformer.CoreModBaseTransformer/COREMOD]: Transforming net/minecraft/world/entity/monster/ZombieVillager
[28Sep2024 12:41:10.434] [pool-9-thread-1/DEBUG] [net.neoforged.coremod.transformer.CoreModBaseTransformer/COREMOD]: Transforming net/minecraft/world/entity/monster/Evoker$EvokerSummonSpellGoal
[28Sep2024 12:41:10.640] [pool-9-thread-1/DEBUG] [net.neoforged.coremod.transformer.CoreModBaseTransformer/COREMOD]: Transforming net/minecraft/world/entity/animal/horse/SkeletonTrapGoal
[28Sep2024 12:41:10.667] [pool-9-thread-1/DEBUG] [net.neoforged.coremod.transformer.CoreModBaseTransformer/COREMOD]: Transforming net/minecraft/world/entity/monster/Strider
[28Sep2024 12:41:10.724] [pool-9-thread-1/DEBUG] [net.neoforged.coremod.transformer.CoreModBaseTransformer/COREMOD]: Transforming net/minecraft/world/entity/npc/Villager
[28Sep2024 12:41:12.387] [pool-9-thread-1/DEBUG] [net.neoforged.coremod.transformer.CoreModBaseTransformer/COREMOD]: Transforming net/minecraft/world/level/levelgen/structure/Structure
[28Sep2024 12:41:12.428] [pool-9-thread-1/DEBUG] [net.neoforged.coremod.transformer.CoreModBaseTransformer/COREMOD]: Transforming net/minecraft/world/level/levelgen/structure/structures/OceanRuinPieces$OceanRuinPiece
[28Sep2024 12:41:12.445] [pool-9-thread-1/DEBUG] [net.neoforged.coremod.transformer.CoreModBaseTransformer/COREMOD]: Transforming net/minecraft/world/level/levelgen/structure/structures/SwampHutPiece
[28Sep2024 12:41:12.457] [pool-9-thread-1/DEBUG] [net.neoforged.coremod.transformer.CoreModBaseTransformer/COREMOD]: Transforming net/minecraft/world/level/levelgen/structure/structures/OceanMonumentPieces$OceanMonumentPiece
[28Sep2024 12:41:12.484] [pool-9-thread-1/DEBUG] [net.neoforged.coremod.transformer.CoreModBaseTransformer/COREMOD]: Transforming net/minecraft/world/level/levelgen/structure/structures/WoodlandMansionPieces$WoodlandMansionPiece
[28Sep2024 12:41:13.358] [pool-9-thread-1/DEBUG] [net.neoforged.neoforge.registries.GameData/REGISTRIES]: Creating vanilla freeze snapshot
[28Sep2024 12:41:13.418] [pool-9-thread-1/DEBUG] [net.neoforged.neoforge.registries.GameData/REGISTRIES]: Vanilla freeze snapshot created
[28Sep2024 12:41:14.302] [main/DEBUG] [net.neoforged.coremod.transformer.CoreModBaseTransformer/COREMOD]: Transforming net/minecraft/server/commands/SummonCommand
[28Sep2024 12:41:14.467] [main/DEBUG] [net.neoforged.coremod.transformer.CoreModBaseTransformer/COREMOD]: Transforming net/minecraft/server/commands/RaidCommand
[28Sep2024 12:41:14.572] [main/WARN] [net.minecraft.commands.Commands/]: Ambiguity between arguments [teleport, location] and [teleport, destination] with inputs: [0.1 -0.5 .9, 0 0 0]
[28Sep2024 12:41:14.575] [main/WARN] [net.minecraft.commands.Commands/]: Ambiguity between arguments [teleport, location] and [teleport, targets] with inputs: [0.1 -0.5 .9, 0 0 0]
[28Sep2024 12:41:14.580] [main/WARN] [net.minecraft.commands.Commands/]: Ambiguity between arguments [teleport, destination] and [teleport, targets] with inputs: [Player, 0123, @e, dd12be42-52a9-4a91-a8a1-11c01849e498]
[28Sep2024 12:41:14.583] [main/WARN] [net.minecraft.commands.Commands/]: Ambiguity between arguments [teleport, targets] and [teleport, destination] with inputs: [Player, 0123, dd12be42-52a9-4a91-a8a1-11c01849e498]
[28Sep2024 12:41:14.585] [main/WARN] [net.minecraft.commands.Commands/]: Ambiguity between arguments [teleport, targets, location] and [teleport, targets, destination] with inputs: [0.1 -0.5 .9, 0 0 0]
[28Sep2024 12:41:14.817] [Render thread/WARN] [net.minecraft.server.packs.VanillaPackResourcesBuilder/]: Assets URL 'union:/D:/jais/projects/everythingcopper-1.19/.gradle/repositories/ng_dummy_ng/net/neoforged/neoforge/21.1.35/neoforge-21.1.35.jar%23189!/assets/.mcassetsroot' uses unexpected schema
[28Sep2024 12:41:14.817] [Render thread/WARN] [net.minecraft.server.packs.VanillaPackResourcesBuilder/]: Assets URL 'union:/D:/jais/projects/everythingcopper-1.19/.gradle/repositories/ng_dummy_ng/net/neoforged/neoforge/21.1.35/neoforge-21.1.35.jar%23189!/data/.mcassetsroot' uses unexpected schema
[28Sep2024 12:41:14.857] [Render thread/INFO] [com.mojang.authlib.yggdrasil.YggdrasilAuthenticationService/]: Environment: Environment[sessionHost=https://sessionserver.mojang.com, servicesHost=https://api.minecraftservices.com, name=PROD]
[28Sep2024 12:41:14.869] [Render thread/INFO] [net.minecraft.client.Minecraft/]: Setting user: Dev
[28Sep2024 12:41:15.018] [Render thread/INFO] [net.minecraft.client.Minecraft/]: Backend library: LWJGL version 3.3.3+5
[28Sep2024 12:41:15.358] [Render thread/DEBUG] [net.neoforged.fml.ModWorkManager/LOADING]: Using 8 threads for parallel mod-loading
[28Sep2024 12:41:15.377] [Render thread/DEBUG] [net.neoforged.fml.javafmlmod.FMLModContainer/LOADING]: Creating FMLModContainer instance for [cy.jdkdigital.everythingcopper.EverythingCopper]
[28Sep2024 12:41:15.383] [Render thread/DEBUG] [net.neoforged.fml.javafmlmod.FMLModContainer/LOADING]: Creating FMLModContainer instance for [snownee.jade.util.CommonProxy]
[28Sep2024 12:41:15.387] [Render thread/DEBUG] [net.neoforged.fml.javafmlmod.FMLModContainer/LOADING]: Creating FMLModContainer instance for [net.neoforged.neoforge.common.NeoForgeMod, net.neoforged.neoforge.client.ClientNeoForgeMod]
[28Sep2024 12:41:15.393] [Render thread/DEBUG] [net.neoforged.fml.javafmlmod.FMLModContainer/LOADING]: Creating FMLModContainer instance for [mezz.jei.neoforge.JustEnoughItems]
[28Sep2024 12:41:15.437] [modloading-worker-0/DEBUG] [net.neoforged.fml.config.ConfigTracker/CONFIG]: Config file jei-server.toml for jei tracking
[28Sep2024 12:41:15.443] [modloading-worker-0/DEBUG] [net.neoforged.neoforge.internal.versions.neoforge.NeoForgeVersion/CORE]: Found NeoForge version 21.1.35
[28Sep2024 12:41:15.444] [modloading-worker-0/DEBUG] [net.neoforged.neoforge.internal.versions.neoforge.NeoForgeVersion/CORE]: Found FML version 4.0.24
[28Sep2024 12:41:15.444] [modloading-worker-0/INFO] [net.neoforged.neoforge.common.NeoForgeMod/NEOFORGE-MOD]: NeoForge mod loading, version 21.1.35, for MC 1.21.1
[28Sep2024 12:41:15.458] [modloading-worker-0/DEBUG] [net.neoforged.fml.javafmlmod.AutomaticEventSubscriber/LOADING]: Attempting to inject @EventBusSubscriber classes into the eventbus for jade
[28Sep2024 12:41:15.463] [modloading-worker-0/DEBUG] [net.neoforged.fml.config.ConfigTracker/CONFIG]: Config file neoforge-client.toml for neoforge tracking
[28Sep2024 12:41:15.463] [modloading-worker-0/DEBUG] [net.neoforged.fml.config.ConfigTracker/CONFIG]: Config file neoforge-server.toml for neoforge tracking
[28Sep2024 12:41:15.464] [modloading-worker-0/DEBUG] [net.neoforged.fml.config.ConfigTracker/CONFIG]: Config file neoforge-common.toml for neoforge tracking
[28Sep2024 12:41:15.469] [modloading-worker-0/DEBUG] [mezz.jei.common.platform.Services/]: Loaded mezz.jei.neoforge.platform.PlatformHelper@79c19f4 for service interface mezz.jei.common.platform.IPlatformHelper
[28Sep2024 12:41:15.532] [modloading-worker-0/DEBUG] [net.neoforged.fml.javafmlmod.AutomaticEventSubscriber/LOADING]: Attempting to inject @EventBusSubscriber classes into the eventbus for everythingcopper
[28Sep2024 12:41:15.533] [modloading-worker-0/DEBUG] [mezz.jei.common.config.file.ConfigSerializer/]: Loading config file: D:\jais\projects\everythingcopper-1.19\runs\client\config\jei\jei-debug.ini
[28Sep2024 12:41:15.533] [modloading-worker-0/DEBUG] [net.neoforged.fml.javafmlmod.AutomaticEventSubscriber/LOADING]: Auto-subscribing cy.jdkdigital.everythingcopper.datagen.DataProvider to MOD
[28Sep2024 12:41:15.535] [modloading-worker-0/DEBUG] [net.neoforged.fml.javafmlmod.AutomaticEventSubscriber/LOADING]: Auto-subscribing cy.jdkdigital.everythingcopper.event.ClientSetup to MOD
[28Sep2024 12:41:15.535] [modloading-worker-0/DEBUG] [mezz.jei.common.config.file.ConfigSerializer/]: Saving config file: D:\jais\projects\everythingcopper-1.19\runs\client\config\jei\jei-debug.ini
[28Sep2024 12:41:15.547] [modloading-worker-0/DEBUG] [net.neoforged.fml.javafmlmod.AutomaticEventSubscriber/LOADING]: Auto-subscribing cy.jdkdigital.everythingcopper.event.EventHandler to GAME
[28Sep2024 12:41:15.547] [modloading-worker-0/DEBUG] [mezz.jei.common.config.file.ConfigSerializer/]: Loading config file: D:\jais\projects\everythingcopper-1.19\runs\client\config\jei\jei-mod-id-format.ini
[28Sep2024 12:41:15.550] [modloading-worker-0/DEBUG] [mezz.jei.common.config.file.ConfigSerializer/]: Saving config file: D:\jais\projects\everythingcopper-1.19\runs\client\config\jei\jei-mod-id-format.ini
[28Sep2024 12:41:15.558] [modloading-worker-0/DEBUG] [mezz.jei.common.config.file.ConfigSerializer/]: Loading config file: D:\jais\projects\everythingcopper-1.19\runs\client\config\jei\jei-colors.ini
[28Sep2024 12:41:15.563] [modloading-worker-0/DEBUG] [net.neoforged.fml.javafmlmod.AutomaticEventSubscriber/LOADING]: Attempting to inject @EventBusSubscriber classes into the eventbus for neoforge
[28Sep2024 12:41:15.564] [modloading-worker-0/DEBUG] [net.neoforged.fml.javafmlmod.AutomaticEventSubscriber/LOADING]: Auto-subscribing net.neoforged.neoforge.server.command.ConfigCommand to GAME
[28Sep2024 12:41:15.566] [modloading-worker-0/DEBUG] [net.neoforged.fml.javafmlmod.AutomaticEventSubscriber/LOADING]: Auto-subscribing net.neoforged.neoforge.network.filters.GenericPacketSplitter to MOD
[28Sep2024 12:41:15.573] [modloading-worker-0/DEBUG] [mezz.jei.common.config.file.ConfigSerializer/]: Saving config file: D:\jais\projects\everythingcopper-1.19\runs\client\config\jei\jei-colors.ini
[28Sep2024 12:41:15.587] [modloading-worker-0/DEBUG] [mezz.jei.common.config.file.ConfigSerializer/]: Loading config file: D:\jais\projects\everythingcopper-1.19\runs\client\config\jei\jei-client.ini
[28Sep2024 12:41:15.598] [modloading-worker-0/DEBUG] [mezz.jei.common.config.file.ConfigSerializer/]: Saving config file: D:\jais\projects\everythingcopper-1.19\runs\client\config\jei\jei-client.ini
[28Sep2024 12:41:15.607] [modloading-worker-0/INFO] [mezz.jei.library.load.PluginCaller/]: Sending ConfigManager...
[28Sep2024 12:41:15.610] [modloading-worker-0/DEBUG] [mezz.jei.library.load.PluginCallerTimerRunnable/]: Sending ConfigManager: jei:minecraft...
[28Sep2024 12:41:15.610] [modloading-worker-0/DEBUG] [mezz.jei.library.load.PluginCallerTimerRunnable/]: Sending ConfigManager: everythingcopper:everythingcopper...
[28Sep2024 12:41:15.610] [modloading-worker-0/DEBUG] [mezz.jei.library.load.PluginCallerTimerRunnable/]: Sending ConfigManager: jade:main...
[28Sep2024 12:41:15.610] [modloading-worker-0/DEBUG] [mezz.jei.library.load.PluginCallerTimerRunnable/]: Sending ConfigManager: jei:neoforge_gui...
[28Sep2024 12:41:15.611] [modloading-worker-0/DEBUG] [mezz.jei.library.load.PluginCallerTimerRunnable/]: Sending ConfigManager: jei:debug...
[28Sep2024 12:41:15.611] [modloading-worker-0/DEBUG] [mezz.jei.library.load.PluginCallerTimerRunnable/]: Sending ConfigManager: jei:gui...
[28Sep2024 12:41:15.611] [modloading-worker-0/DEBUG] [io.netty.buffer.AbstractByteBuf/]: -Dio.netty.buffer.checkAccessible: true
[28Sep2024 12:41:15.611] [modloading-worker-0/DEBUG] [mezz.jei.library.load.PluginCallerTimerRunnable/]: Sending ConfigManager: jei:internal...
[28Sep2024 12:41:15.611] [modloading-worker-0/DEBUG] [io.netty.buffer.AbstractByteBuf/]: -Dio.netty.buffer.checkBounds: true
[28Sep2024 12:41:15.613] [modloading-worker-0/DEBUG] [io.netty.util.ResourceLeakDetectorFactory/]: Loaded default ResourceLeakDetector: io.netty.util.ResourceLeakDetector@74e8892c
[28Sep2024 12:41:15.614] [modloading-worker-0/INFO] [mezz.jei.library.load.PluginCaller/]: Sending ConfigManager took 3.540 ms
[28Sep2024 12:41:15.618] [modloading-worker-0/DEBUG] [net.neoforged.fml.javafmlmod.AutomaticEventSubscriber/LOADING]: Attempting to inject @EventBusSubscriber classes into the eventbus for jei
[28Sep2024 12:41:15.630] [modloading-worker-0/DEBUG] [io.netty.util.internal.InternalThreadLocalMap/]: -Dio.netty.threadLocalMap.stringBuilder.initialSize: 1024
[28Sep2024 12:41:15.630] [modloading-worker-0/DEBUG] [io.netty.util.internal.InternalThreadLocalMap/]: -Dio.netty.threadLocalMap.stringBuilder.maxSize: 4096
[28Sep2024 12:41:15.635] [modloading-worker-0/DEBUG] [io.netty.buffer.PooledByteBufAllocator/]: -Dio.netty.allocator.numHeapArenas: 16
[28Sep2024 12:41:15.635] [modloading-worker-0/DEBUG] [io.netty.buffer.PooledByteBufAllocator/]: -Dio.netty.allocator.numDirectArenas: 16
[28Sep2024 12:41:15.635] [modloading-worker-0/DEBUG] [io.netty.buffer.PooledByteBufAllocator/]: -Dio.netty.allocator.pageSize: 8192
[28Sep2024 12:41:15.635] [modloading-worker-0/DEBUG] [io.netty.buffer.PooledByteBufAllocator/]: -Dio.netty.allocator.maxOrder: 9
[28Sep2024 12:41:15.635] [modloading-worker-0/DEBUG] [io.netty.buffer.PooledByteBufAllocator/]: -Dio.netty.allocator.chunkSize: 4194304
[28Sep2024 12:41:15.636] [modloading-worker-0/DEBUG] [io.netty.buffer.PooledByteBufAllocator/]: -Dio.netty.allocator.smallCacheSize: 256
[28Sep2024 12:41:15.636] [modloading-worker-0/DEBUG] [io.netty.buffer.PooledByteBufAllocator/]: -Dio.netty.allocator.normalCacheSize: 64
[28Sep2024 12:41:15.636] [modloading-worker-0/DEBUG] [io.netty.buffer.PooledByteBufAllocator/]: -Dio.netty.allocator.maxCachedBufferCapacity: 32768
[28Sep2024 12:41:15.636] [modloading-worker-0/DEBUG] [io.netty.buffer.PooledByteBufAllocator/]: -Dio.netty.allocator.cacheTrimInterval: 8192
[28Sep2024 12:41:15.636] [modloading-worker-0/DEBUG] [io.netty.buffer.PooledByteBufAllocator/]: -Dio.netty.allocator.cacheTrimIntervalMillis: 0
[28Sep2024 12:41:15.637] [modloading-worker-0/DEBUG] [io.netty.buffer.PooledByteBufAllocator/]: -Dio.netty.allocator.useCacheForAllThreads: false
[28Sep2024 12:41:15.637] [modloading-worker-0/DEBUG] [io.netty.buffer.PooledByteBufAllocator/]: -Dio.netty.allocator.maxCachedByteBuffersPerChunk: 1023
[28Sep2024 12:41:15.653] [modloading-worker-0/DEBUG] [io.netty.buffer.ByteBufUtil/]: -Dio.netty.allocator.type: pooled
[28Sep2024 12:41:15.654] [modloading-worker-0/DEBUG] [io.netty.buffer.ByteBufUtil/]: -Dio.netty.threadLocalDirectBufferSize: 0
[28Sep2024 12:41:15.654] [modloading-worker-0/DEBUG] [io.netty.buffer.ByteBufUtil/]: -Dio.netty.maxThreadLocalCharBufferSize: 16384
[28Sep2024 12:41:15.673] [modloading-worker-0/DEBUG] [net.neoforged.fml.javafmlmod.AutomaticEventSubscriber/LOADING]: Auto-subscribing net.neoforged.neoforge.network.NetworkInitialization to MOD
[28Sep2024 12:41:15.676] [modloading-worker-0/DEBUG] [net.neoforged.fml.javafmlmod.AutomaticEventSubscriber/LOADING]: Auto-subscribing net.neoforged.neoforge.network.ConfigurationInitialization to MOD
[28Sep2024 12:41:15.683] [modloading-worker-0/DEBUG] [net.neoforged.fml.javafmlmod.AutomaticEventSubscriber/LOADING]: Auto-subscribing net.neoforged.neoforge.common.MonsterRoomHooks to GAME
[28Sep2024 12:41:15.686] [modloading-worker-0/DEBUG] [net.neoforged.fml.javafmlmod.AutomaticEventSubscriber/LOADING]: Auto-subscribing net.neoforged.neoforge.common.DeferredSpawnEggItem$CommonHandler to MOD
[28Sep2024 12:41:15.688] [modloading-worker-0/DEBUG] [net.neoforged.fml.javafmlmod.AutomaticEventSubscriber/LOADING]: Auto-subscribing net.neoforged.neoforge.common.DeferredSpawnEggItem$ColorRegisterHandler to MOD
[28Sep2024 12:41:15.690] [modloading-worker-0/DEBUG] [net.neoforged.fml.javafmlmod.AutomaticEventSubscriber/LOADING]: Auto-subscribing net.neoforged.neoforge.client.model.data.ModelDataManager to GAME
[28Sep2024 12:41:15.694] [modloading-worker-0/DEBUG] [net.neoforged.fml.javafmlmod.AutomaticEventSubscriber/LOADING]: Auto-subscribing net.neoforged.neoforge.client.ParticleBoundsDebugRenderer to GAME
[28Sep2024 12:41:15.705] [modloading-worker-0/DEBUG] [net.neoforged.fml.javafmlmod.AutomaticEventSubscriber/LOADING]: Auto-subscribing net.neoforged.neoforge.client.ClientHooks$ClientEvents to MOD
[28Sep2024 12:41:15.710] [modloading-worker-0/DEBUG] [net.neoforged.fml.javafmlmod.AutomaticEventSubscriber/LOADING]: Auto-subscribing net.neoforged.neoforge.client.BlockEntityRenderBoundsDebugRenderer to GAME
[28Sep2024 12:41:15.713] [modloading-worker-0/DEBUG] [net.neoforged.fml.javafmlmod.AutomaticEventSubscriber/LOADING]: Auto-subscribing net.neoforged.neoforge.attachment.AttachmentInternals to GAME
[28Sep2024 12:41:15.739] [modloading-sync-worker/DEBUG] [net.neoforged.neoforge.registries.GameData/REGISTRIES]: Unfreezing registries
[28Sep2024 12:41:16.009] [modloading-sync-worker/DEBUG] [net.neoforged.neoforge.registries.GameData/REGISTRIES]: Freezing registries
[28Sep2024 12:41:16.073] [modloading-sync-worker/DEBUG] [net.neoforged.neoforge.registries.GameData/REGISTRIES]: All registries frozen
[28Sep2024 12:41:16.074] [modloading-sync-worker/DEBUG] [net.neoforged.fml.config.ConfigTracker/CONFIG]: Loading configs type CLIENT
[28Sep2024 12:41:16.105] [modloading-sync-worker/DEBUG] [net.neoforged.neoforge.common.NeoForgeConfig/FORGEMOD]: Loaded NeoForge config file neoforge-client.toml
[28Sep2024 12:41:16.106] [modloading-sync-worker/DEBUG] [net.neoforged.fml.config.ConfigTracker/CONFIG]: Loaded TOML config file D:\jais\projects\everythingcopper-1.19\runs\client\config\neoforge-client.toml
[28Sep2024 12:41:16.114] [modloading-sync-worker/DEBUG] [net.neoforged.fml.config.ConfigTracker/CONFIG]: Watching TOML config file D:\jais\projects\everythingcopper-1.19\runs\client\config\neoforge-client.toml for changes
[28Sep2024 12:41:16.114] [modloading-sync-worker/DEBUG] [net.neoforged.fml.config.ConfigTracker/CONFIG]: Loading configs type COMMON
[28Sep2024 12:41:16.116] [modloading-sync-worker/DEBUG] [net.neoforged.neoforge.common.NeoForgeConfig/FORGEMOD]: Loaded NeoForge config file neoforge-common.toml
[28Sep2024 12:41:16.117] [modloading-sync-worker/DEBUG] [net.neoforged.fml.config.ConfigTracker/CONFIG]: Loaded TOML config file D:\jais\projects\everythingcopper-1.19\runs\client\config\neoforge-common.toml
[28Sep2024 12:41:16.118] [modloading-sync-worker/DEBUG] [net.neoforged.fml.config.ConfigTracker/CONFIG]: Watching TOML config file D:\jais\projects\everythingcopper-1.19\runs\client\config\neoforge-common.toml for changes
[28Sep2024 12:41:16.508] [Render thread/DEBUG] [mixin/]: Mixing FontMixin from jade.mixins.json into net.minecraft.client.gui.Font
[28Sep2024 12:41:16.511] [Render thread/DEBUG] [mixin/]: jade.mixins.json:FontMixin from mod jade: Class version 65 required is higher than the class version supported by the current version of Mixin (JAVA_16 supports class version 60)
[28Sep2024 12:41:16.737] [Render thread/DEBUG] [mixin/]: jade.mixins.json:FontMixin from mod jade->@Inject::jade$renderChar(Lnet/minecraft/client/gui/font/glyphs/BakedGlyph;ZZFFFLorg/joml/Matrix4f;Lcom/mojang/blaze3d/vertex/VertexConsumer;FFFFILorg/spongepowered/asm/mixin/injection/callback/CallbackInfo;)V does use it's CallbackInfo
[28Sep2024 12:41:17.254] [Render thread/INFO] [net.neoforged.neoforge.gametest.GameTestHooks/]: Enabled Gametest Namespaces: []
[28Sep2024 12:41:17.803] [Render thread/INFO] [net.minecraft.server.packs.resources.ReloadableResourceManager/]: Reloading ResourceManager: vanilla, mod_resources, mod/everythingcopper, mod/jade, mod/neoforge, mod/jei
[28Sep2024 12:41:17.928] [Render thread/DEBUG] [net.neoforged.fml.DeferredWorkQueue/LOADING]: Dispatching synchronous work for work queue Common setup: 1 jobs
[28Sep2024 12:41:17.930] [Render thread/DEBUG] [net.neoforged.fml.DeferredWorkQueue/LOADING]: Synchronous work queue completed in 1.397 ms
[28Sep2024 12:41:18.135] [Worker-Main-2/WARN] [net.minecraft.client.sounds.SoundManager/]: File everythingcopper:sounds/block/chime.ogg does not exist, cannot add it to event everythingcopper:block.copper_chime.chime
[28Sep2024 12:41:18.327] [Worker-Main-5/INFO] [net.minecraft.client.gui.font.providers.UnihexProvider/]: Found unifont_all_no_pua-15.1.05.hex, loading
[28Sep2024 12:41:18.839] [Worker-Main-1/INFO] [net.minecraft.client.gui.font.providers.UnihexProvider/]: Found unifont_jp_patch-15.1.05.hex, loading
[28Sep2024 12:41:21.445] [Worker-Main-1/INFO] [snownee.jade.Jade/]: Start loading plugin from snownee.jade.addon.vanilla.VanillaPlugin
[28Sep2024 12:41:21.541] [Worker-Main-1/INFO] [snownee.jade.Jade/]: Bootstrapped plugin from snownee.jade.addon.vanilla.VanillaPlugin in 89.85 ms
[28Sep2024 12:41:21.553] [Worker-Main-1/INFO] [snownee.jade.Jade/]: Loaded plugin from snownee.jade.addon.vanilla.VanillaPlugin in 102.3 ms
[28Sep2024 12:41:21.553] [Worker-Main-1/INFO] [snownee.jade.Jade/]: Start loading plugin from snownee.jade.addon.universal.UniversalPlugin
[28Sep2024 12:41:21.568] [Worker-Main-1/INFO] [snownee.jade.Jade/]: Bootstrapped plugin from snownee.jade.addon.universal.UniversalPlugin in 12.23 ms
[28Sep2024 12:41:21.568] [Worker-Main-1/INFO] [snownee.jade.Jade/]: Loaded plugin from snownee.jade.addon.universal.UniversalPlugin in 12.99 ms
[28Sep2024 12:41:21.569] [Worker-Main-1/INFO] [snownee.jade.Jade/]: Start loading plugin from snownee.jade.addon.debug.DebugPlugin
[28Sep2024 12:41:21.575] [Worker-Main-1/INFO] [snownee.jade.Jade/]: Bootstrapped plugin from snownee.jade.addon.debug.DebugPlugin in 5.212 ms
[28Sep2024 12:41:21.576] [Worker-Main-1/INFO] [snownee.jade.Jade/]: Loaded plugin from snownee.jade.addon.debug.DebugPlugin in 5.874 ms
[28Sep2024 12:41:21.576] [Worker-Main-1/INFO] [snownee.jade.Jade/]: Start loading plugin from snownee.jade.addon.core.CorePlugin
[28Sep2024 12:41:21.590] [Worker-Main-1/INFO] [snownee.jade.Jade/]: Bootstrapped plugin from snownee.jade.addon.core.CorePlugin in 11.18 ms
[28Sep2024 12:41:21.590] [Worker-Main-1/INFO] [snownee.jade.Jade/]: Loaded plugin from snownee.jade.addon.core.CorePlugin in 11.90 ms
[28Sep2024 12:41:21.893] [Render thread/WARN] [net.minecraft.client.sounds.SoundEngine/]: Missing sound for event: minecraft:item.goat_horn.play
[28Sep2024 12:41:21.893] [Render thread/WARN] [net.minecraft.client.sounds.SoundEngine/]: Missing sound for event: minecraft:entity.goat.screaming.horn_break
[28Sep2024 12:41:22.187] [Render thread/INFO] [com.mojang.blaze3d.audio.Library/]: OpenAL initialized on device OpenAL Soft on Speakers (Realtek High Definition Audio)
[28Sep2024 12:41:22.188] [Render thread/INFO] [net.minecraft.client.sounds.SoundEngine/SOUNDS]: Sound engine started
[28Sep2024 12:41:22.467] [Render thread/INFO] [net.minecraft.client.renderer.texture.TextureAtlas/]: Created: 1024x512x4 minecraft:textures/atlas/blocks.png-atlas
[28Sep2024 12:41:22.493] [Render thread/INFO] [net.minecraft.client.renderer.texture.TextureAtlas/]: Created: 256x256x4 minecraft:textures/atlas/signs.png-atlas
[28Sep2024 12:41:22.494] [Render thread/INFO] [net.minecraft.client.renderer.texture.TextureAtlas/]: Created: 512x512x4 minecraft:textures/atlas/banner_patterns.png-atlas
[28Sep2024 12:41:22.496] [Render thread/INFO] [net.minecraft.client.renderer.texture.TextureAtlas/]: Created: 512x512x4 minecraft:textures/atlas/shield_patterns.png-atlas
[28Sep2024 12:41:22.498] [Render thread/INFO] [net.minecraft.client.renderer.texture.TextureAtlas/]: Created: 1024x1024x4 minecraft:textures/atlas/armor_trims.png-atlas
[28Sep2024 12:41:22.509] [Render thread/INFO] [net.minecraft.client.renderer.texture.TextureAtlas/]: Created: 256x256x4 minecraft:textures/atlas/chest.png-atlas
[28Sep2024 12:41:22.509] [Render thread/INFO] [net.minecraft.client.renderer.texture.TextureAtlas/]: Created: 128x64x4 minecraft:textures/atlas/decorated_pot.png-atlas
[28Sep2024 12:41:22.510] [Render thread/INFO] [net.minecraft.client.renderer.texture.TextureAtlas/]: Created: 512x256x4 minecraft:textures/atlas/shulker_boxes.png-atlas
[28Sep2024 12:41:22.511] [Render thread/INFO] [net.minecraft.client.renderer.texture.TextureAtlas/]: Created: 512x256x4 minecraft:textures/atlas/beds.png-atlas
[28Sep2024 12:41:22.698] [Render thread/INFO] [net.minecraft.client.renderer.texture.TextureAtlas/]: Created: 512x256x0 minecraft:textures/atlas/particles.png-atlas
[28Sep2024 12:41:22.702] [Render thread/INFO] [net.minecraft.client.renderer.texture.TextureAtlas/]: Created: 512x256x0 minecraft:textures/atlas/paintings.png-atlas
[28Sep2024 12:41:22.703] [Render thread/INFO] [net.minecraft.client.renderer.texture.TextureAtlas/]: Created: 256x128x0 minecraft:textures/atlas/mob_effects.png-atlas
[28Sep2024 12:41:22.704] [Render thread/INFO] [net.minecraft.client.renderer.texture.TextureAtlas/]: Created: 64x64x0 minecraft:textures/atlas/map_decorations.png-atlas
[28Sep2024 12:41:22.705] [Render thread/INFO] [net.minecraft.client.renderer.texture.TextureAtlas/]: Created: 1024x512x0 minecraft:textures/atlas/gui.png-atlas
[28Sep2024 12:41:22.751] [Render thread/WARN] [net.minecraft.client.renderer.ShaderInstance/]: Shader rendertype_entity_translucent_emissive could not find sampler named Sampler2 in the specified shader program.
[28Sep2024 12:41:22.862] [Render thread/INFO] [net.minecraft.client.renderer.texture.TextureAtlas/]: Created: 256x128x0 jei:textures/atlas/gui.png-atlas
[28Sep2024 12:41:24.932] [Render thread/DEBUG] [mixin/]: Mixing StringRenderOutputMixin from jade.mixins.json into net.minecraft.client.gui.Font$StringRenderOutput
[28Sep2024 12:41:24.932] [Render thread/DEBUG] [mixin/]: jade.mixins.json:StringRenderOutputMixin from mod jade: Class version 65 required is higher than the class version supported by the current version of Mixin (JAVA_16 supports class version 60)
[28Sep2024 12:41:24.947] [Render thread/DEBUG] [mixin/]: jade.mixins.json:StringRenderOutputMixin from mod jade->@Inject::jade$init(Lnet/minecraft/client/gui/Font;Lnet/minecraft/client/renderer/MultiBufferSource;FFIZLorg/joml/Matrix4f;Lnet/minecraft/client/gui/Font$DisplayMode;ILorg/spongepowered/asm/mixin/injection/callback/CallbackInfo;)V doesn't use it's CallbackInfo
[28Sep2024 12:41:24.947] [Render thread/DEBUG] [mixin/]: jade.mixins.json:StringRenderOutputMixin from mod jade->@Inject::jade$init(Lnet/minecraft/client/gui/Font;Lnet/minecraft/client/renderer/MultiBufferSource;FFIZLorg/joml/Matrix4f;Lnet/minecraft/client/gui/Font$DisplayMode;ILorg/spongepowered/asm/mixin/injection/callback/CallbackInfo;)V has 0 override(s) in child classes
[28Sep2024 12:41:24.947] [Render thread/DEBUG] [mixin/]: jade.mixins.json:StringRenderOutputMixin from mod jade->@Inject::jade$init(Lnet/minecraft/client/gui/Font;Lnet/minecraft/client/renderer/MultiBufferSource;FFIZLorg/joml/Matrix4f;Lnet/minecraft/client/gui/Font$DisplayMode;ILorg/spongepowered/asm/mixin/injection/callback/CallbackInfo;)V won't be passed a CallbackInfo as a result
[28Sep2024 12:42:56.170] [Render thread/ERROR] [net.minecraft.world.item.crafting.RecipeManager/]: Parsing error loading recipe everythingcopper:bee_conversion/chipped_weathered_copper_anvil_repair
com.google.gson.JsonParseException: Unknown registry key in ResourceKey[minecraft:root / neoforge:condition_codecs]: productivebees:bee_exists
	at MC-BOOTSTRAP/datafixerupper@8.0.16/com.mojang.serialization.DataResult$Error.getOrThrow(DataResult.java:287) ~[datafixerupper-8.0.16.jar%23118!/:?]
	at TRANSFORMER/minecraft@1.21.1/net.minecraft.world.item.crafting.RecipeManager.apply(RecipeManager.java:60) ~[neoforge-21.1.35.jar%23189!/:?]
	at TRANSFORMER/minecraft@1.21.1/net.minecraft.world.item.crafting.RecipeManager.apply(RecipeManager.java:36) ~[neoforge-21.1.35.jar%23189!/:?]
	at TRANSFORMER/minecraft@1.21.1/net.minecraft.server.packs.resources.SimplePreparableReloadListener.lambda$reload$1(SimplePreparableReloadListener.java:19) ~[neoforge-21.1.35.jar%23189!/:?]
	at java.base/java.util.concurrent.CompletableFuture$UniAccept.tryFire(CompletableFuture.java:718) ~[?:?]
	at java.base/java.util.concurrent.CompletableFuture$Completion.run(CompletableFuture.java:482) ~[?:?]
	at TRANSFORMER/minecraft@1.21.1/net.minecraft.server.packs.resources.SimpleReloadInstance.lambda$new$3(SimpleReloadInstance.java:86) ~[neoforge-21.1.35.jar%23189!/:?]
	at TRANSFORMER/minecraft@1.21.1/net.minecraft.util.thread.BlockableEventLoop.doRunTask(BlockableEventLoop.java:151) ~[neoforge-21.1.35.jar%23189!/:?]
	at TRANSFORMER/minecraft@1.21.1/net.minecraft.util.thread.ReentrantBlockableEventLoop.doRunTask(ReentrantBlockableEventLoop.java:24) ~[neoforge-21.1.35.jar%23189!/:?]
	at TRANSFORMER/minecraft@1.21.1/net.minecraft.util.thread.BlockableEventLoop.pollTask(BlockableEventLoop.java:122) ~[neoforge-21.1.35.jar%23189!/:?]
	at TRANSFORMER/minecraft@1.21.1/net.minecraft.util.thread.BlockableEventLoop.managedBlock(BlockableEventLoop.java:135) ~[neoforge-21.1.35.jar%23189!/:?]
	at TRANSFORMER/minecraft@1.21.1/net.minecraft.client.gui.screens.worldselection.WorldOpenFlows.loadWorldDataBlocking(WorldOpenFlows.java:201) ~[neoforge-21.1.35.jar%23189!/:?]
	at TRANSFORMER/minecraft@1.21.1/net.minecraft.client.gui.screens.worldselection.WorldOpenFlows.loadWorldStem(WorldOpenFlows.java:142) ~[neoforge-21.1.35.jar%23189!/:?]
	at TRANSFORMER/minecraft@1.21.1/net.minecraft.client.gui.screens.worldselection.WorldOpenFlows.openWorldLoadLevelStem(WorldOpenFlows.java:345) ~[neoforge-21.1.35.jar%23189!/:?]
	at TRANSFORMER/minecraft@1.21.1/net.minecraft.client.gui.screens.worldselection.WorldOpenFlows.openWorldCheckVersionCompatibility(WorldOpenFlows.java:334) ~[neoforge-21.1.35.jar%23189!/:?]
	at TRANSFORMER/minecraft@1.21.1/net.minecraft.client.gui.screens.worldselection.WorldOpenFlows.openWorldLoadLevelData(WorldOpenFlows.java:296) ~[neoforge-21.1.35.jar%23189!/:?]
	at TRANSFORMER/minecraft@1.21.1/net.minecraft.client.gui.screens.worldselection.WorldOpenFlows.openWorld(WorldOpenFlows.java:261) ~[neoforge-21.1.35.jar%23189!/:?]
	at TRANSFORMER/minecraft@1.21.1/net.minecraft.client.gui.screens.worldselection.WorldSelectionList$WorldListEntry.joinWorld(WorldSelectionList.java:516) ~[neoforge-21.1.35.jar%23189!/:?]
	at TRANSFORMER/minecraft@1.21.1/net.minecraft.client.gui.screens.worldselection.WorldSelectionList$WorldListEntry.mouseClicked(WorldSelectionList.java:499) ~[neoforge-21.1.35.jar%23189!/:?]
	at TRANSFORMER/minecraft@1.21.1/net.minecraft.client.gui.components.AbstractSelectionList.mouseClicked(AbstractSelectionList.java:303) ~[neoforge-21.1.35.jar%23189!/:?]
	at TRANSFORMER/minecraft@1.21.1/net.minecraft.client.gui.components.events.ContainerEventHandler.mouseClicked(ContainerEventHandler.java:52) ~[neoforge-21.1.35.jar%23189!/:?]
	at TRANSFORMER/minecraft@1.21.1/net.minecraft.client.MouseHandler.lambda$onPress$0(MouseHandler.java:103) ~[neoforge-21.1.35.jar%23189!/:?]
	at TRANSFORMER/minecraft@1.21.1/net.minecraft.client.gui.screens.Screen.wrapScreenError(Screen.java:469) ~[neoforge-21.1.35.jar%23189!/:?]
	at TRANSFORMER/minecraft@1.21.1/net.minecraft.client.MouseHandler.onPress(MouseHandler.java:100) ~[neoforge-21.1.35.jar%23189!/:?]
	at TRANSFORMER/minecraft@1.21.1/net.minecraft.client.MouseHandler.lambda$setup$4(MouseHandler.java:212) ~[neoforge-21.1.35.jar%23189!/:?]
	at TRANSFORMER/minecraft@1.21.1/net.minecraft.util.thread.BlockableEventLoop.execute(BlockableEventLoop.java:98) ~[neoforge-21.1.35.jar%23189!/:?]
	at TRANSFORMER/minecraft@1.21.1/net.minecraft.client.MouseHandler.lambda$setup$5(MouseHandler.java:212) ~[neoforge-21.1.35.jar%23189!/:?]
	at MC-BOOTSTRAP/org.lwjgl.glfw@3.3.3+5/org.lwjgl.glfw.GLFWMouseButtonCallbackI.callback(GLFWMouseButtonCallbackI.java:43) ~[lwjgl-glfw-3.3.3.jar%23171!/:build 5]
	at MC-BOOTSTRAP/org.lwjgl@3.3.3+5/org.lwjgl.system.JNI.invokeV(Native Method) ~[lwjgl-3.3.3.jar%23182!/:build 5]
	at MC-BOOTSTRAP/org.lwjgl.glfw@3.3.3+5/org.lwjgl.glfw.GLFW.glfwWaitEventsTimeout(GLFW.java:3509) ~[lwjgl-glfw-3.3.3.jar%23171!/:build 5]
	at TRANSFORMER/minecraft@1.21.1/com.mojang.blaze3d.systems.RenderSystem.limitDisplayFPS(RenderSystem.java:162) ~[neoforge-21.1.35.jar%23189!/:?]
	at TRANSFORMER/minecraft@1.21.1/net.minecraft.client.Minecraft.runTick(Minecraft.java:1226) ~[neoforge-21.1.35.jar%23189!/:?]
	at TRANSFORMER/minecraft@1.21.1/net.minecraft.client.Minecraft.run(Minecraft.java:813) ~[neoforge-21.1.35.jar%23189!/:?]
	at TRANSFORMER/minecraft@1.21.1/net.minecraft.client.main.Main.main(Main.java:230) ~[neoforge-21.1.35.jar%23189!/:?]
	at java.base/jdk.internal.reflect.DirectMethodHandleAccessor.invoke(DirectMethodHandleAccessor.java:103) ~[?:?]
	at java.base/java.lang.reflect.Method.invoke(Method.java:580) ~[?:?]
	at MC-BOOTSTRAP/fml_loader@4.0.24/net.neoforged.fml.loading.targets.CommonLaunchHandler.runTarget(CommonLaunchHandler.java:136) ~[loader-4.0.24.jar%23143!/:4.0]
	at MC-BOOTSTRAP/fml_loader@4.0.24/net.neoforged.fml.loading.targets.CommonLaunchHandler.clientService(CommonLaunchHandler.java:124) ~[loader-4.0.24.jar%23143!/:4.0]
	at MC-BOOTSTRAP/fml_loader@4.0.24/net.neoforged.fml.loading.targets.NeoForgeClientUserdevLaunchHandler.runService(NeoForgeClientUserdevLaunchHandler.java:23) ~[loader-4.0.24.jar%23143!/:4.0]
	at MC-BOOTSTRAP/fml_loader@4.0.24/net.neoforged.fml.loading.targets.CommonLaunchHandler.lambda$launchService$4(CommonLaunchHandler.java:118) ~[loader-4.0.24.jar%23143!/:4.0]
	at MC-BOOTSTRAP/cpw.mods.modlauncher@11.0.4/cpw.mods.modlauncher.LaunchServiceHandlerDecorator.launch(LaunchServiceHandlerDecorator.java:30) [modlauncher-11.0.4.jar%23125!/:?]
	at MC-BOOTSTRAP/cpw.mods.modlauncher@11.0.4/cpw.mods.modlauncher.LaunchServiceHandler.launch(LaunchServiceHandler.java:53) [modlauncher-11.0.4.jar%23125!/:?]
	at MC-BOOTSTRAP/cpw.mods.modlauncher@11.0.4/cpw.mods.modlauncher.LaunchServiceHandler.launch(LaunchServiceHandler.java:71) [modlauncher-11.0.4.jar%23125!/:?]
	at MC-BOOTSTRAP/cpw.mods.modlauncher@11.0.4/cpw.mods.modlauncher.Launcher.run(Launcher.java:103) [modlauncher-11.0.4.jar%23125!/:?]
	at MC-BOOTSTRAP/cpw.mods.modlauncher@11.0.4/cpw.mods.modlauncher.Launcher.main(Launcher.java:74) [modlauncher-11.0.4.jar%23125!/:?]
	at MC-BOOTSTRAP/cpw.mods.modlauncher@11.0.4/cpw.mods.modlauncher.BootstrapLaunchConsumer.accept(BootstrapLaunchConsumer.java:26) [modlauncher-11.0.4.jar%23125!/:?]
	at MC-BOOTSTRAP/cpw.mods.modlauncher@11.0.4/cpw.mods.modlauncher.BootstrapLaunchConsumer.accept(BootstrapLaunchConsumer.java:23) [modlauncher-11.0.4.jar%23125!/:?]
	at cpw.mods.bootstraplauncher@2.0.2/cpw.mods.bootstraplauncher.BootstrapLauncher.run(BootstrapLauncher.java:210) [bootstraplauncher-2.0.2.jar:?]
	at cpw.mods.bootstraplauncher@2.0.2/cpw.mods.bootstraplauncher.BootstrapLauncher.main(BootstrapLauncher.java:69) [bootstraplauncher-2.0.2.jar:?]
[28Sep2024 12:42:56.200] [Render thread/ERROR] [net.minecraft.world.item.crafting.RecipeManager/]: Parsing error loading recipe everythingcopper:bee_conversion/waxed_exposed_copper_anvil_repair
com.google.gson.JsonParseException: Unknown registry key in ResourceKey[minecraft:root / neoforge:condition_codecs]: productivebees:bee_exists
	at MC-BOOTSTRAP/datafixerupper@8.0.16/com.mojang.serialization.DataResult$Error.getOrThrow(DataResult.java:287) ~[datafixerupper-8.0.16.jar%23118!/:?]
	at TRANSFORMER/minecraft@1.21.1/net.minecraft.world.item.crafting.RecipeManager.apply(RecipeManager.java:60) ~[neoforge-21.1.35.jar%23189!/:?]
	at TRANSFORMER/minecraft@1.21.1/net.minecraft.world.item.crafting.RecipeManager.apply(RecipeManager.java:36) ~[neoforge-21.1.35.jar%23189!/:?]
	at TRANSFORMER/minecraft@1.21.1/net.minecraft.server.packs.resources.SimplePreparableReloadListener.lambda$reload$1(SimplePreparableReloadListener.java:19) ~[neoforge-21.1.35.jar%23189!/:?]
	at java.base/java.util.concurrent.CompletableFuture$UniAccept.tryFire(CompletableFuture.java:718) ~[?:?]
	at java.base/java.util.concurrent.CompletableFuture$Completion.run(CompletableFuture.java:482) ~[?:?]
	at TRANSFORMER/minecraft@1.21.1/net.minecraft.server.packs.resources.SimpleReloadInstance.lambda$new$3(SimpleReloadInstance.java:86) ~[neoforge-21.1.35.jar%23189!/:?]
	at TRANSFORMER/minecraft@1.21.1/net.minecraft.util.thread.BlockableEventLoop.doRunTask(BlockableEventLoop.java:151) ~[neoforge-21.1.35.jar%23189!/:?]
	at TRANSFORMER/minecraft@1.21.1/net.minecraft.util.thread.ReentrantBlockableEventLoop.doRunTask(ReentrantBlockableEventLoop.java:24) ~[neoforge-21.1.35.jar%23189!/:?]
	at TRANSFORMER/minecraft@1.21.1/net.minecraft.util.thread.BlockableEventLoop.pollTask(BlockableEventLoop.java:122) ~[neoforge-21.1.35.jar%23189!/:?]
	at TRANSFORMER/minecraft@1.21.1/net.minecraft.util.thread.BlockableEventLoop.managedBlock(BlockableEventLoop.java:135) ~[neoforge-21.1.35.jar%23189!/:?]
	at TRANSFORMER/minecraft@1.21.1/net.minecraft.client.gui.screens.worldselection.WorldOpenFlows.loadWorldDataBlocking(WorldOpenFlows.java:201) ~[neoforge-21.1.35.jar%23189!/:?]
	at TRANSFORMER/minecraft@1.21.1/net.minecraft.client.gui.screens.worldselection.WorldOpenFlows.loadWorldStem(WorldOpenFlows.java:142) ~[neoforge-21.1.35.jar%23189!/:?]
	at TRANSFORMER/minecraft@1.21.1/net.minecraft.client.gui.screens.worldselection.WorldOpenFlows.openWorldLoadLevelStem(WorldOpenFlows.java:345) ~[neoforge-21.1.35.jar%23189!/:?]
	at TRANSFORMER/minecraft@1.21.1/net.minecraft.client.gui.screens.worldselection.WorldOpenFlows.openWorldCheckVersionCompatibility(WorldOpenFlows.java:334) ~[neoforge-21.1.35.jar%23189!/:?]
	at TRANSFORMER/minecraft@1.21.1/net.minecraft.client.gui.screens.worldselection.WorldOpenFlows.openWorldLoadLevelData(WorldOpenFlows.java:296) ~[neoforge-21.1.35.jar%23189!/:?]
	at TRANSFORMER/minecraft@1.21.1/net.minecraft.client.gui.screens.worldselection.WorldOpenFlows.openWorld(WorldOpenFlows.java:261) ~[neoforge-21.1.35.jar%23189!/:?]
	at TRANSFORMER/minecraft@1.21.1/net.minecraft.client.gui.screens.worldselection.WorldSelectionList$WorldListEntry.joinWorld(WorldSelectionList.java:516) ~[neoforge-21.1.35.jar%23189!/:?]
	at TRANSFORMER/minecraft@1.21.1/net.minecraft.client.gui.screens.worldselection.WorldSelectionList$WorldListEntry.mouseClicked(WorldSelectionList.java:499) ~[neoforge-21.1.35.jar%23189!/:?]
	at TRANSFORMER/minecraft@1.21.1/net.minecraft.client.gui.components.AbstractSelectionList.mouseClicked(AbstractSelectionList.java:303) ~[neoforge-21.1.35.jar%23189!/:?]
	at TRANSFORMER/minecraft@1.21.1/net.minecraft.client.gui.components.events.ContainerEventHandler.mouseClicked(ContainerEventHandler.java:52) ~[neoforge-21.1.35.jar%23189!/:?]
	at TRANSFORMER/minecraft@1.21.1/net.minecraft.client.MouseHandler.lambda$onPress$0(MouseHandler.java:103) ~[neoforge-21.1.35.jar%23189!/:?]
	at TRANSFORMER/minecraft@1.21.1/net.minecraft.client.gui.screens.Screen.wrapScreenError(Screen.java:469) ~[neoforge-21.1.35.jar%23189!/:?]
	at TRANSFORMER/minecraft@1.21.1/net.minecraft.client.MouseHandler.onPress(MouseHandler.java:100) ~[neoforge-21.1.35.jar%23189!/:?]
	at TRANSFORMER/minecraft@1.21.1/net.minecraft.client.MouseHandler.lambda$setup$4(MouseHandler.java:212) ~[neoforge-21.1.35.jar%23189!/:?]
	at TRANSFORMER/minecraft@1.21.1/net.minecraft.util.thread.BlockableEventLoop.execute(BlockableEventLoop.java:98) ~[neoforge-21.1.35.jar%23189!/:?]
	at TRANSFORMER/minecraft@1.21.1/net.minecraft.client.MouseHandler.lambda$setup$5(MouseHandler.java:212) ~[neoforge-21.1.35.jar%23189!/:?]
	at MC-BOOTSTRAP/org.lwjgl.glfw@3.3.3+5/org.lwjgl.glfw.GLFWMouseButtonCallbackI.callback(GLFWMouseButtonCallbackI.java:43) ~[lwjgl-glfw-3.3.3.jar%23171!/:build 5]
	at MC-BOOTSTRAP/org.lwjgl@3.3.3+5/org.lwjgl.system.JNI.invokeV(Native Method) ~[lwjgl-3.3.3.jar%23182!/:build 5]
	at MC-BOOTSTRAP/org.lwjgl.glfw@3.3.3+5/org.lwjgl.glfw.GLFW.glfwWaitEventsTimeout(GLFW.java:3509) ~[lwjgl-glfw-3.3.3.jar%23171!/:build 5]
	at TRANSFORMER/minecraft@1.21.1/com.mojang.blaze3d.systems.RenderSystem.limitDisplayFPS(RenderSystem.java:162) ~[neoforge-21.1.35.jar%23189!/:?]
	at TRANSFORMER/minecraft@1.21.1/net.minecraft.client.Minecraft.runTick(Minecraft.java:1226) ~[neoforge-21.1.35.jar%23189!/:?]
	at TRANSFORMER/minecraft@1.21.1/net.minecraft.client.Minecraft.run(Minecraft.java:813) ~[neoforge-21.1.35.jar%23189!/:?]
	at TRANSFORMER/minecraft@1.21.1/net.minecraft.client.main.Main.main(Main.java:230) ~[neoforge-21.1.35.jar%23189!/:?]
	at java.base/jdk.internal.reflect.DirectMethodHandleAccessor.invoke(DirectMethodHandleAccessor.java:103) ~[?:?]
	at java.base/java.lang.reflect.Method.invoke(Method.java:580) ~[?:?]
	at MC-BOOTSTRAP/fml_loader@4.0.24/net.neoforged.fml.loading.targets.CommonLaunchHandler.runTarget(CommonLaunchHandler.java:136) ~[loader-4.0.24.jar%23143!/:4.0]
	at MC-BOOTSTRAP/fml_loader@4.0.24/net.neoforged.fml.loading.targets.CommonLaunchHandler.clientService(CommonLaunchHandler.java:124) ~[loader-4.0.24.jar%23143!/:4.0]
	at MC-BOOTSTRAP/fml_loader@4.0.24/net.neoforged.fml.loading.targets.NeoForgeClientUserdevLaunchHandler.runService(NeoForgeClientUserdevLaunchHandler.java:23) ~[loader-4.0.24.jar%23143!/:4.0]
	at MC-BOOTSTRAP/fml_loader@4.0.24/net.neoforged.fml.loading.targets.CommonLaunchHandler.lambda$launchService$4(CommonLaunchHandler.java:118) ~[loader-4.0.24.jar%23143!/:4.0]
	at MC-BOOTSTRAP/cpw.mods.modlauncher@11.0.4/cpw.mods.modlauncher.LaunchServiceHandlerDecorator.launch(LaunchServiceHandlerDecorator.java:30) [modlauncher-11.0.4.jar%23125!/:?]
	at MC-BOOTSTRAP/cpw.mods.modlauncher@11.0.4/cpw.mods.modlauncher.LaunchServiceHandler.launch(LaunchServiceHandler.java:53) [modlauncher-11.0.4.jar%23125!/:?]
	at MC-BOOTSTRAP/cpw.mods.modlauncher@11.0.4/cpw.mods.modlauncher.LaunchServiceHandler.launch(LaunchServiceHandler.java:71) [modlauncher-11.0.4.jar%23125!/:?]
	at MC-BOOTSTRAP/cpw.mods.modlauncher@11.0.4/cpw.mods.modlauncher.Launcher.run(Launcher.java:103) [modlauncher-11.0.4.jar%23125!/:?]
	at MC-BOOTSTRAP/cpw.mods.modlauncher@11.0.4/cpw.mods.modlauncher.Launcher.main(Launcher.java:74) [modlauncher-11.0.4.jar%23125!/:?]
	at MC-BOOTSTRAP/cpw.mods.modlauncher@11.0.4/cpw.mods.modlauncher.BootstrapLaunchConsumer.accept(BootstrapLaunchConsumer.java:26) [modlauncher-11.0.4.jar%23125!/:?]
	at MC-BOOTSTRAP/cpw.mods.modlauncher@11.0.4/cpw.mods.modlauncher.BootstrapLaunchConsumer.accept(BootstrapLaunchConsumer.java:23) [modlauncher-11.0.4.jar%23125!/:?]
	at cpw.mods.bootstraplauncher@2.0.2/cpw.mods.bootstraplauncher.BootstrapLauncher.run(BootstrapLauncher.java:210) [bootstraplauncher-2.0.2.jar:?]
	at cpw.mods.bootstraplauncher@2.0.2/cpw.mods.bootstraplauncher.BootstrapLauncher.main(BootstrapLauncher.java:69) [bootstraplauncher-2.0.2.jar:?]
[28Sep2024 12:42:56.210] [Render thread/ERROR] [net.minecraft.world.item.crafting.RecipeManager/]: Parsing error loading recipe everythingcopper:bee_conversion/copper_anvil_repair
com.google.gson.JsonParseException: Unknown registry key in ResourceKey[minecraft:root / neoforge:condition_codecs]: productivebees:bee_exists
	at MC-BOOTSTRAP/datafixerupper@8.0.16/com.mojang.serialization.DataResult$Error.getOrThrow(DataResult.java:287) ~[datafixerupper-8.0.16.jar%23118!/:?]
	at TRANSFORMER/minecraft@1.21.1/net.minecraft.world.item.crafting.RecipeManager.apply(RecipeManager.java:60) ~[neoforge-21.1.35.jar%23189!/:?]
	at TRANSFORMER/minecraft@1.21.1/net.minecraft.world.item.crafting.RecipeManager.apply(RecipeManager.java:36) ~[neoforge-21.1.35.jar%23189!/:?]
	at TRANSFORMER/minecraft@1.21.1/net.minecraft.server.packs.resources.SimplePreparableReloadListener.lambda$reload$1(SimplePreparableReloadListener.java:19) ~[neoforge-21.1.35.jar%23189!/:?]
	at java.base/java.util.concurrent.CompletableFuture$UniAccept.tryFire(CompletableFuture.java:718) ~[?:?]
	at java.base/java.util.concurrent.CompletableFuture$Completion.run(CompletableFuture.java:482) ~[?:?]
	at TRANSFORMER/minecraft@1.21.1/net.minecraft.server.packs.resources.SimpleReloadInstance.lambda$new$3(SimpleReloadInstance.java:86) ~[neoforge-21.1.35.jar%23189!/:?]
	at TRANSFORMER/minecraft@1.21.1/net.minecraft.util.thread.BlockableEventLoop.doRunTask(BlockableEventLoop.java:151) ~[neoforge-21.1.35.jar%23189!/:?]
	at TRANSFORMER/minecraft@1.21.1/net.minecraft.util.thread.ReentrantBlockableEventLoop.doRunTask(ReentrantBlockableEventLoop.java:24) ~[neoforge-21.1.35.jar%23189!/:?]
	at TRANSFORMER/minecraft@1.21.1/net.minecraft.util.thread.BlockableEventLoop.pollTask(BlockableEventLoop.java:122) ~[neoforge-21.1.35.jar%23189!/:?]
	at TRANSFORMER/minecraft@1.21.1/net.minecraft.util.thread.BlockableEventLoop.managedBlock(BlockableEventLoop.java:135) ~[neoforge-21.1.35.jar%23189!/:?]
	at TRANSFORMER/minecraft@1.21.1/net.minecraft.client.gui.screens.worldselection.WorldOpenFlows.loadWorldDataBlocking(WorldOpenFlows.java:201) ~[neoforge-21.1.35.jar%23189!/:?]
	at TRANSFORMER/minecraft@1.21.1/net.minecraft.client.gui.screens.worldselection.WorldOpenFlows.loadWorldStem(WorldOpenFlows.java:142) ~[neoforge-21.1.35.jar%23189!/:?]
	at TRANSFORMER/minecraft@1.21.1/net.minecraft.client.gui.screens.worldselection.WorldOpenFlows.openWorldLoadLevelStem(WorldOpenFlows.java:345) ~[neoforge-21.1.35.jar%23189!/:?]
	at TRANSFORMER/minecraft@1.21.1/net.minecraft.client.gui.screens.worldselection.WorldOpenFlows.openWorldCheckVersionCompatibility(WorldOpenFlows.java:334) ~[neoforge-21.1.35.jar%23189!/:?]
	at TRANSFORMER/minecraft@1.21.1/net.minecraft.client.gui.screens.worldselection.WorldOpenFlows.openWorldLoadLevelData(WorldOpenFlows.java:296) ~[neoforge-21.1.35.jar%23189!/:?]
	at TRANSFORMER/minecraft@1.21.1/net.minecraft.client.gui.screens.worldselection.WorldOpenFlows.openWorld(WorldOpenFlows.java:261) ~[neoforge-21.1.35.jar%23189!/:?]
	at TRANSFORMER/minecraft@1.21.1/net.minecraft.client.gui.screens.worldselection.WorldSelectionList$WorldListEntry.joinWorld(WorldSelectionList.java:516) ~[neoforge-21.1.35.jar%23189!/:?]
	at TRANSFORMER/minecraft@1.21.1/net.minecraft.client.gui.screens.worldselection.WorldSelectionList$WorldListEntry.mouseClicked(WorldSelectionList.java:499) ~[neoforge-21.1.35.jar%23189!/:?]
	at TRANSFORMER/minecraft@1.21.1/net.minecraft.client.gui.components.AbstractSelectionList.mouseClicked(AbstractSelectionList.java:303) ~[neoforge-21.1.35.jar%23189!/:?]
	at TRANSFORMER/minecraft@1.21.1/net.minecraft.client.gui.components.events.ContainerEventHandler.mouseClicked(ContainerEventHandler.java:52) ~[neoforge-21.1.35.jar%23189!/:?]
	at TRANSFORMER/minecraft@1.21.1/net.minecraft.client.MouseHandler.lambda$onPress$0(MouseHandler.java:103) ~[neoforge-21.1.35.jar%23189!/:?]
	at TRANSFORMER/minecraft@1.21.1/net.minecraft.client.gui.screens.Screen.wrapScreenError(Screen.java:469) ~[neoforge-21.1.35.jar%23189!/:?]
	at TRANSFORMER/minecraft@1.21.1/net.minecraft.client.MouseHandler.onPress(MouseHandler.java:100) ~[neoforge-21.1.35.jar%23189!/:?]
	at TRANSFORMER/minecraft@1.21.1/net.minecraft.client.MouseHandler.lambda$setup$4(MouseHandler.java:212) ~[neoforge-21.1.35.jar%23189!/:?]
	at TRANSFORMER/minecraft@1.21.1/net.minecraft.util.thread.BlockableEventLoop.execute(BlockableEventLoop.java:98) ~[neoforge-21.1.35.jar%23189!/:?]
	at TRANSFORMER/minecraft@1.21.1/net.minecraft.client.MouseHandler.lambda$setup$5(MouseHandler.java:212) ~[neoforge-21.1.35.jar%23189!/:?]
	at MC-BOOTSTRAP/org.lwjgl.glfw@3.3.3+5/org.lwjgl.glfw.GLFWMouseButtonCallbackI.callback(GLFWMouseButtonCallbackI.java:43) ~[lwjgl-glfw-3.3.3.jar%23171!/:build 5]
	at MC-BOOTSTRAP/org.lwjgl@3.3.3+5/org.lwjgl.system.JNI.invokeV(Native Method) ~[lwjgl-3.3.3.jar%23182!/:build 5]
	at MC-BOOTSTRAP/org.lwjgl.glfw@3.3.3+5/org.lwjgl.glfw.GLFW.glfwWaitEventsTimeout(GLFW.java:3509) ~[lwjgl-glfw-3.3.3.jar%23171!/:build 5]
	at TRANSFORMER/minecraft@1.21.1/com.mojang.blaze3d.systems.RenderSystem.limitDisplayFPS(RenderSystem.java:162) ~[neoforge-21.1.35.jar%23189!/:?]
	at TRANSFORMER/minecraft@1.21.1/net.minecraft.client.Minecraft.runTick(Minecraft.java:1226) ~[neoforge-21.1.35.jar%23189!/:?]
	at TRANSFORMER/minecraft@1.21.1/net.minecraft.client.Minecraft.run(Minecraft.java:813) ~[neoforge-21.1.35.jar%23189!/:?]
	at TRANSFORMER/minecraft@1.21.1/net.minecraft.client.main.Main.main(Main.java:230) ~[neoforge-21.1.35.jar%23189!/:?]
	at java.base/jdk.internal.reflect.DirectMethodHandleAccessor.invoke(DirectMethodHandleAccessor.java:103) ~[?:?]
	at java.base/java.lang.reflect.Method.invoke(Method.java:580) ~[?:?]
	at MC-BOOTSTRAP/fml_loader@4.0.24/net.neoforged.fml.loading.targets.CommonLaunchHandler.runTarget(CommonLaunchHandler.java:136) ~[loader-4.0.24.jar%23143!/:4.0]
	at MC-BOOTSTRAP/fml_loader@4.0.24/net.neoforged.fml.loading.targets.CommonLaunchHandler.clientService(CommonLaunchHandler.java:124) ~[loader-4.0.24.jar%23143!/:4.0]
	at MC-BOOTSTRAP/fml_loader@4.0.24/net.neoforged.fml.loading.targets.NeoForgeClientUserdevLaunchHandler.runService(NeoForgeClientUserdevLaunchHandler.java:23) ~[loader-4.0.24.jar%23143!/:4.0]
	at MC-BOOTSTRAP/fml_loader@4.0.24/net.neoforged.fml.loading.targets.CommonLaunchHandler.lambda$launchService$4(CommonLaunchHandler.java:118) ~[loader-4.0.24.jar%23143!/:4.0]
	at MC-BOOTSTRAP/cpw.mods.modlauncher@11.0.4/cpw.mods.modlauncher.LaunchServiceHandlerDecorator.launch(LaunchServiceHandlerDecorator.java:30) [modlauncher-11.0.4.jar%23125!/:?]
	at MC-BOOTSTRAP/cpw.mods.modlauncher@11.0.4/cpw.mods.modlauncher.LaunchServiceHandler.launch(LaunchServiceHandler.java:53) [modlauncher-11.0.4.jar%23125!/:?]
	at MC-BOOTSTRAP/cpw.mods.modlauncher@11.0.4/cpw.mods.modlauncher.LaunchServiceHandler.launch(LaunchServiceHandler.java:71) [modlauncher-11.0.4.jar%23125!/:?]
	at MC-BOOTSTRAP/cpw.mods.modlauncher@11.0.4/cpw.mods.modlauncher.Launcher.run(Launcher.java:103) [modlauncher-11.0.4.jar%23125!/:?]
	at MC-BOOTSTRAP/cpw.mods.modlauncher@11.0.4/cpw.mods.modlauncher.Launcher.main(Launcher.java:74) [modlauncher-11.0.4.jar%23125!/:?]
	at MC-BOOTSTRAP/cpw.mods.modlauncher@11.0.4/cpw.mods.modlauncher.BootstrapLaunchConsumer.accept(BootstrapLaunchConsumer.java:26) [modlauncher-11.0.4.jar%23125!/:?]
	at MC-BOOTSTRAP/cpw.mods.modlauncher@11.0.4/cpw.mods.modlauncher.BootstrapLaunchConsumer.accept(BootstrapLaunchConsumer.java:23) [modlauncher-11.0.4.jar%23125!/:?]
	at cpw.mods.bootstraplauncher@2.0.2/cpw.mods.bootstraplauncher.BootstrapLauncher.run(BootstrapLauncher.java:210) [bootstraplauncher-2.0.2.jar:?]
	at cpw.mods.bootstraplauncher@2.0.2/cpw.mods.bootstraplauncher.BootstrapLauncher.main(BootstrapLauncher.java:69) [bootstraplauncher-2.0.2.jar:?]
[28Sep2024 12:42:56.214] [Render thread/ERROR] [net.minecraft.world.item.crafting.RecipeManager/]: Parsing error loading recipe everythingcopper:bee_conversion/waxed_chipped_exposed_copper_anvil_repair
com.google.gson.JsonParseException: Unknown registry key in ResourceKey[minecraft:root / neoforge:condition_codecs]: productivebees:bee_exists
	at MC-BOOTSTRAP/datafixerupper@8.0.16/com.mojang.serialization.DataResult$Error.getOrThrow(DataResult.java:287) ~[datafixerupper-8.0.16.jar%23118!/:?]
	at TRANSFORMER/minecraft@1.21.1/net.minecraft.world.item.crafting.RecipeManager.apply(RecipeManager.java:60) ~[neoforge-21.1.35.jar%23189!/:?]
	at TRANSFORMER/minecraft@1.21.1/net.minecraft.world.item.crafting.RecipeManager.apply(RecipeManager.java:36) ~[neoforge-21.1.35.jar%23189!/:?]
	at TRANSFORMER/minecraft@1.21.1/net.minecraft.server.packs.resources.SimplePreparableReloadListener.lambda$reload$1(SimplePreparableReloadListener.java:19) ~[neoforge-21.1.35.jar%23189!/:?]
	at java.base/java.util.concurrent.CompletableFuture$UniAccept.tryFire(CompletableFuture.java:718) ~[?:?]
	at java.base/java.util.concurrent.CompletableFuture$Completion.run(CompletableFuture.java:482) ~[?:?]
	at TRANSFORMER/minecraft@1.21.1/net.minecraft.server.packs.resources.SimpleReloadInstance.lambda$new$3(SimpleReloadInstance.java:86) ~[neoforge-21.1.35.jar%23189!/:?]
	at TRANSFORMER/minecraft@1.21.1/net.minecraft.util.thread.BlockableEventLoop.doRunTask(BlockableEventLoop.java:151) ~[neoforge-21.1.35.jar%23189!/:?]
	at TRANSFORMER/minecraft@1.21.1/net.minecraft.util.thread.ReentrantBlockableEventLoop.doRunTask(ReentrantBlockableEventLoop.java:24) ~[neoforge-21.1.35.jar%23189!/:?]
	at TRANSFORMER/minecraft@1.21.1/net.minecraft.util.thread.BlockableEventLoop.pollTask(BlockableEventLoop.java:122) ~[neoforge-21.1.35.jar%23189!/:?]
	at TRANSFORMER/minecraft@1.21.1/net.minecraft.util.thread.BlockableEventLoop.managedBlock(BlockableEventLoop.java:135) ~[neoforge-21.1.35.jar%23189!/:?]
	at TRANSFORMER/minecraft@1.21.1/net.minecraft.client.gui.screens.worldselection.WorldOpenFlows.loadWorldDataBlocking(WorldOpenFlows.java:201) ~[neoforge-21.1.35.jar%23189!/:?]
	at TRANSFORMER/minecraft@1.21.1/net.minecraft.client.gui.screens.worldselection.WorldOpenFlows.loadWorldStem(WorldOpenFlows.java:142) ~[neoforge-21.1.35.jar%23189!/:?]
	at TRANSFORMER/minecraft@1.21.1/net.minecraft.client.gui.screens.worldselection.WorldOpenFlows.openWorldLoadLevelStem(WorldOpenFlows.java:345) ~[neoforge-21.1.35.jar%23189!/:?]
	at TRANSFORMER/minecraft@1.21.1/net.minecraft.client.gui.screens.worldselection.WorldOpenFlows.openWorldCheckVersionCompatibility(WorldOpenFlows.java:334) ~[neoforge-21.1.35.jar%23189!/:?]
	at TRANSFORMER/minecraft@1.21.1/net.minecraft.client.gui.screens.worldselection.WorldOpenFlows.openWorldLoadLevelData(WorldOpenFlows.java:296) ~[neoforge-21.1.35.jar%23189!/:?]
	at TRANSFORMER/minecraft@1.21.1/net.minecraft.client.gui.screens.worldselection.WorldOpenFlows.openWorld(WorldOpenFlows.java:261) ~[neoforge-21.1.35.jar%23189!/:?]
	at TRANSFORMER/minecraft@1.21.1/net.minecraft.client.gui.screens.worldselection.WorldSelectionList$WorldListEntry.joinWorld(WorldSelectionList.java:516) ~[neoforge-21.1.35.jar%23189!/:?]
	at TRANSFORMER/minecraft@1.21.1/net.minecraft.client.gui.screens.worldselection.WorldSelectionList$WorldListEntry.mouseClicked(WorldSelectionList.java:499) ~[neoforge-21.1.35.jar%23189!/:?]
	at TRANSFORMER/minecraft@1.21.1/net.minecraft.client.gui.components.AbstractSelectionList.mouseClicked(AbstractSelectionList.java:303) ~[neoforge-21.1.35.jar%23189!/:?]
	at TRANSFORMER/minecraft@1.21.1/net.minecraft.client.gui.components.events.ContainerEventHandler.mouseClicked(ContainerEventHandler.java:52) ~[neoforge-21.1.35.jar%23189!/:?]
	at TRANSFORMER/minecraft@1.21.1/net.minecraft.client.MouseHandler.lambda$onPress$0(MouseHandler.java:103) ~[neoforge-21.1.35.jar%23189!/:?]
	at TRANSFORMER/minecraft@1.21.1/net.minecraft.client.gui.screens.Screen.wrapScreenError(Screen.java:469) ~[neoforge-21.1.35.jar%23189!/:?]
	at TRANSFORMER/minecraft@1.21.1/net.minecraft.client.MouseHandler.onPress(MouseHandler.java:100) ~[neoforge-21.1.35.jar%23189!/:?]
	at TRANSFORMER/minecraft@1.21.1/net.minecraft.client.MouseHandler.lambda$setup$4(MouseHandler.java:212) ~[neoforge-21.1.35.jar%23189!/:?]
	at TRANSFORMER/minecraft@1.21.1/net.minecraft.util.thread.BlockableEventLoop.execute(BlockableEventLoop.java:98) ~[neoforge-21.1.35.jar%23189!/:?]
	at TRANSFORMER/minecraft@1.21.1/net.minecraft.client.MouseHandler.lambda$setup$5(MouseHandler.java:212) ~[neoforge-21.1.35.jar%23189!/:?]
	at MC-BOOTSTRAP/org.lwjgl.glfw@3.3.3+5/org.lwjgl.glfw.GLFWMouseButtonCallbackI.callback(GLFWMouseButtonCallbackI.java:43) ~[lwjgl-glfw-3.3.3.jar%23171!/:build 5]
	at MC-BOOTSTRAP/org.lwjgl@3.3.3+5/org.lwjgl.system.JNI.invokeV(Native Method) ~[lwjgl-3.3.3.jar%23182!/:build 5]
	at MC-BOOTSTRAP/org.lwjgl.glfw@3.3.3+5/org.lwjgl.glfw.GLFW.glfwWaitEventsTimeout(GLFW.java:3509) ~[lwjgl-glfw-3.3.3.jar%23171!/:build 5]
	at TRANSFORMER/minecraft@1.21.1/com.mojang.blaze3d.systems.RenderSystem.limitDisplayFPS(RenderSystem.java:162) ~[neoforge-21.1.35.jar%23189!/:?]
	at TRANSFORMER/minecraft@1.21.1/net.minecraft.client.Minecraft.runTick(Minecraft.java:1226) ~[neoforge-21.1.35.jar%23189!/:?]
	at TRANSFORMER/minecraft@1.21.1/net.minecraft.client.Minecraft.run(Minecraft.java:813) ~[neoforge-21.1.35.jar%23189!/:?]
	at TRANSFORMER/minecraft@1.21.1/net.minecraft.client.main.Main.main(Main.java:230) ~[neoforge-21.1.35.jar%23189!/:?]
	at java.base/jdk.internal.reflect.DirectMethodHandleAccessor.invoke(DirectMethodHandleAccessor.java:103) ~[?:?]
	at java.base/java.lang.reflect.Method.invoke(Method.java:580) ~[?:?]
	at MC-BOOTSTRAP/fml_loader@4.0.24/net.neoforged.fml.loading.targets.CommonLaunchHandler.runTarget(CommonLaunchHandler.java:136) ~[loader-4.0.24.jar%23143!/:4.0]
	at MC-BOOTSTRAP/fml_loader@4.0.24/net.neoforged.fml.loading.targets.CommonLaunchHandler.clientService(CommonLaunchHandler.java:124) ~[loader-4.0.24.jar%23143!/:4.0]
	at MC-BOOTSTRAP/fml_loader@4.0.24/net.neoforged.fml.loading.targets.NeoForgeClientUserdevLaunchHandler.runService(NeoForgeClientUserdevLaunchHandler.java:23) ~[loader-4.0.24.jar%23143!/:4.0]
	at MC-BOOTSTRAP/fml_loader@4.0.24/net.neoforged.fml.loading.targets.CommonLaunchHandler.lambda$launchService$4(CommonLaunchHandler.java:118) ~[loader-4.0.24.jar%23143!/:4.0]
	at MC-BOOTSTRAP/cpw.mods.modlauncher@11.0.4/cpw.mods.modlauncher.LaunchServiceHandlerDecorator.launch(LaunchServiceHandlerDecorator.java:30) [modlauncher-11.0.4.jar%23125!/:?]
	at MC-BOOTSTRAP/cpw.mods.modlauncher@11.0.4/cpw.mods.modlauncher.LaunchServiceHandler.launch(LaunchServiceHandler.java:53) [modlauncher-11.0.4.jar%23125!/:?]
	at MC-BOOTSTRAP/cpw.mods.modlauncher@11.0.4/cpw.mods.modlauncher.LaunchServiceHandler.launch(LaunchServiceHandler.java:71) [modlauncher-11.0.4.jar%23125!/:?]
	at MC-BOOTSTRAP/cpw.mods.modlauncher@11.0.4/cpw.mods.modlauncher.Launcher.run(Launcher.java:103) [modlauncher-11.0.4.jar%23125!/:?]
	at MC-BOOTSTRAP/cpw.mods.modlauncher@11.0.4/cpw.mods.modlauncher.Launcher.main(Launcher.java:74) [modlauncher-11.0.4.jar%23125!/:?]
	at MC-BOOTSTRAP/cpw.mods.modlauncher@11.0.4/cpw.mods.modlauncher.BootstrapLaunchConsumer.accept(BootstrapLaunchConsumer.java:26) [modlauncher-11.0.4.jar%23125!/:?]
	at MC-BOOTSTRAP/cpw.mods.modlauncher@11.0.4/cpw.mods.modlauncher.BootstrapLaunchConsumer.accept(BootstrapLaunchConsumer.java:23) [modlauncher-11.0.4.jar%23125!/:?]
	at cpw.mods.bootstraplauncher@2.0.2/cpw.mods.bootstraplauncher.BootstrapLauncher.run(BootstrapLauncher.java:210) [bootstraplauncher-2.0.2.jar:?]
	at cpw.mods.bootstraplauncher@2.0.2/cpw.mods.bootstraplauncher.BootstrapLauncher.main(BootstrapLauncher.java:69) [bootstraplauncher-2.0.2.jar:?]
[28Sep2024 12:42:56.223] [Render thread/ERROR] [net.minecraft.world.item.crafting.RecipeManager/]: Parsing error loading recipe everythingcopper:bee_conversion/exposed_copper_anvil_repair
com.google.gson.JsonParseException: Unknown registry key in ResourceKey[minecraft:root / neoforge:condition_codecs]: productivebees:bee_exists
	at MC-BOOTSTRAP/datafixerupper@8.0.16/com.mojang.serialization.DataResult$Error.getOrThrow(DataResult.java:287) ~[datafixerupper-8.0.16.jar%23118!/:?]
	at TRANSFORMER/minecraft@1.21.1/net.minecraft.world.item.crafting.RecipeManager.apply(RecipeManager.java:60) ~[neoforge-21.1.35.jar%23189!/:?]
	at TRANSFORMER/minecraft@1.21.1/net.minecraft.world.item.crafting.RecipeManager.apply(RecipeManager.java:36) ~[neoforge-21.1.35.jar%23189!/:?]
	at TRANSFORMER/minecraft@1.21.1/net.minecraft.server.packs.resources.SimplePreparableReloadListener.lambda$reload$1(SimplePreparableReloadListener.java:19) ~[neoforge-21.1.35.jar%23189!/:?]
	at java.base/java.util.concurrent.CompletableFuture$UniAccept.tryFire(CompletableFuture.java:718) ~[?:?]
	at java.base/java.util.concurrent.CompletableFuture$Completion.run(CompletableFuture.java:482) ~[?:?]
	at TRANSFORMER/minecraft@1.21.1/net.minecraft.server.packs.resources.SimpleReloadInstance.lambda$new$3(SimpleReloadInstance.java:86) ~[neoforge-21.1.35.jar%23189!/:?]
	at TRANSFORMER/minecraft@1.21.1/net.minecraft.util.thread.BlockableEventLoop.doRunTask(BlockableEventLoop.java:151) ~[neoforge-21.1.35.jar%23189!/:?]
	at TRANSFORMER/minecraft@1.21.1/net.minecraft.util.thread.ReentrantBlockableEventLoop.doRunTask(ReentrantBlockableEventLoop.java:24) ~[neoforge-21.1.35.jar%23189!/:?]
	at TRANSFORMER/minecraft@1.21.1/net.minecraft.util.thread.BlockableEventLoop.pollTask(BlockableEventLoop.java:122) ~[neoforge-21.1.35.jar%23189!/:?]
	at TRANSFORMER/minecraft@1.21.1/net.minecraft.util.thread.BlockableEventLoop.managedBlock(BlockableEventLoop.java:135) ~[neoforge-21.1.35.jar%23189!/:?]
	at TRANSFORMER/minecraft@1.21.1/net.minecraft.client.gui.screens.worldselection.WorldOpenFlows.loadWorldDataBlocking(WorldOpenFlows.java:201) ~[neoforge-21.1.35.jar%23189!/:?]
	at TRANSFORMER/minecraft@1.21.1/net.minecraft.client.gui.screens.worldselection.WorldOpenFlows.loadWorldStem(WorldOpenFlows.java:142) ~[neoforge-21.1.35.jar%23189!/:?]
	at TRANSFORMER/minecraft@1.21.1/net.minecraft.client.gui.screens.worldselection.WorldOpenFlows.openWorldLoadLevelStem(WorldOpenFlows.java:345) ~[neoforge-21.1.35.jar%23189!/:?]
	at TRANSFORMER/minecraft@1.21.1/net.minecraft.client.gui.screens.worldselection.WorldOpenFlows.openWorldCheckVersionCompatibility(WorldOpenFlows.java:334) ~[neoforge-21.1.35.jar%23189!/:?]
	at TRANSFORMER/minecraft@1.21.1/net.minecraft.client.gui.screens.worldselection.WorldOpenFlows.openWorldLoadLevelData(WorldOpenFlows.java:296) ~[neoforge-21.1.35.jar%23189!/:?]
	at TRANSFORMER/minecraft@1.21.1/net.minecraft.client.gui.screens.worldselection.WorldOpenFlows.openWorld(WorldOpenFlows.java:261) ~[neoforge-21.1.35.jar%23189!/:?]
	at TRANSFORMER/minecraft@1.21.1/net.minecraft.client.gui.screens.worldselection.WorldSelectionList$WorldListEntry.joinWorld(WorldSelectionList.java:516) ~[neoforge-21.1.35.jar%23189!/:?]
	at TRANSFORMER/minecraft@1.21.1/net.minecraft.client.gui.screens.worldselection.WorldSelectionList$WorldListEntry.mouseClicked(WorldSelectionList.java:499) ~[neoforge-21.1.35.jar%23189!/:?]
	at TRANSFORMER/minecraft@1.21.1/net.minecraft.client.gui.components.AbstractSelectionList.mouseClicked(AbstractSelectionList.java:303) ~[neoforge-21.1.35.jar%23189!/:?]
	at TRANSFORMER/minecraft@1.21.1/net.minecraft.client.gui.components.events.ContainerEventHandler.mouseClicked(ContainerEventHandler.java:52) ~[neoforge-21.1.35.jar%23189!/:?]
	at TRANSFORMER/minecraft@1.21.1/net.minecraft.client.MouseHandler.lambda$onPress$0(MouseHandler.java:103) ~[neoforge-21.1.35.jar%23189!/:?]
	at TRANSFORMER/minecraft@1.21.1/net.minecraft.client.gui.screens.Screen.wrapScreenError(Screen.java:469) ~[neoforge-21.1.35.jar%23189!/:?]
	at TRANSFORMER/minecraft@1.21.1/net.minecraft.client.MouseHandler.onPress(MouseHandler.java:100) ~[neoforge-21.1.35.jar%23189!/:?]
	at TRANSFORMER/minecraft@1.21.1/net.minecraft.client.MouseHandler.lambda$setup$4(MouseHandler.java:212) ~[neoforge-21.1.35.jar%23189!/:?]
	at TRANSFORMER/minecraft@1.21.1/net.minecraft.util.thread.BlockableEventLoop.execute(BlockableEventLoop.java:98) ~[neoforge-21.1.35.jar%23189!/:?]
	at TRANSFORMER/minecraft@1.21.1/net.minecraft.client.MouseHandler.lambda$setup$5(MouseHandler.java:212) ~[neoforge-21.1.35.jar%23189!/:?]
	at MC-BOOTSTRAP/org.lwjgl.glfw@3.3.3+5/org.lwjgl.glfw.GLFWMouseButtonCallbackI.callback(GLFWMouseButtonCallbackI.java:43) ~[lwjgl-glfw-3.3.3.jar%23171!/:build 5]
	at MC-BOOTSTRAP/org.lwjgl@3.3.3+5/org.lwjgl.system.JNI.invokeV(Native Method) ~[lwjgl-3.3.3.jar%23182!/:build 5]
	at MC-BOOTSTRAP/org.lwjgl.glfw@3.3.3+5/org.lwjgl.glfw.GLFW.glfwWaitEventsTimeout(GLFW.java:3509) ~[lwjgl-glfw-3.3.3.jar%23171!/:build 5]
	at TRANSFORMER/minecraft@1.21.1/com.mojang.blaze3d.systems.RenderSystem.limitDisplayFPS(RenderSystem.java:162) ~[neoforge-21.1.35.jar%23189!/:?]
	at TRANSFORMER/minecraft@1.21.1/net.minecraft.client.Minecraft.runTick(Minecraft.java:1226) ~[neoforge-21.1.35.jar%23189!/:?]
	at TRANSFORMER/minecraft@1.21.1/net.minecraft.client.Minecraft.run(Minecraft.java:813) ~[neoforge-21.1.35.jar%23189!/:?]
	at TRANSFORMER/minecraft@1.21.1/net.minecraft.client.main.Main.main(Main.java:230) ~[neoforge-21.1.35.jar%23189!/:?]
	at java.base/jdk.internal.reflect.DirectMethodHandleAccessor.invoke(DirectMethodHandleAccessor.java:103) ~[?:?]
	at java.base/java.lang.reflect.Method.invoke(Method.java:580) ~[?:?]
	at MC-BOOTSTRAP/fml_loader@4.0.24/net.neoforged.fml.loading.targets.CommonLaunchHandler.runTarget(CommonLaunchHandler.java:136) ~[loader-4.0.24.jar%23143!/:4.0]
	at MC-BOOTSTRAP/fml_loader@4.0.24/net.neoforged.fml.loading.targets.CommonLaunchHandler.clientService(CommonLaunchHandler.java:124) ~[loader-4.0.24.jar%23143!/:4.0]
	at MC-BOOTSTRAP/fml_loader@4.0.24/net.neoforged.fml.loading.targets.NeoForgeClientUserdevLaunchHandler.runService(NeoForgeClientUserdevLaunchHandler.java:23) ~[loader-4.0.24.jar%23143!/:4.0]
	at MC-BOOTSTRAP/fml_loader@4.0.24/net.neoforged.fml.loading.targets.CommonLaunchHandler.lambda$launchService$4(CommonLaunchHandler.java:118) ~[loader-4.0.24.jar%23143!/:4.0]
	at MC-BOOTSTRAP/cpw.mods.modlauncher@11.0.4/cpw.mods.modlauncher.LaunchServiceHandlerDecorator.launch(LaunchServiceHandlerDecorator.java:30) [modlauncher-11.0.4.jar%23125!/:?]
	at MC-BOOTSTRAP/cpw.mods.modlauncher@11.0.4/cpw.mods.modlauncher.LaunchServiceHandler.launch(LaunchServiceHandler.java:53) [modlauncher-11.0.4.jar%23125!/:?]
	at MC-BOOTSTRAP/cpw.mods.modlauncher@11.0.4/cpw.mods.modlauncher.LaunchServiceHandler.launch(LaunchServiceHandler.java:71) [modlauncher-11.0.4.jar%23125!/:?]
	at MC-BOOTSTRAP/cpw.mods.modlauncher@11.0.4/cpw.mods.modlauncher.Launcher.run(Launcher.java:103) [modlauncher-11.0.4.jar%23125!/:?]
	at MC-BOOTSTRAP/cpw.mods.modlauncher@11.0.4/cpw.mods.modlauncher.Launcher.main(Launcher.java:74) [modlauncher-11.0.4.jar%23125!/:?]
	at MC-BOOTSTRAP/cpw.mods.modlauncher@11.0.4/cpw.mods.modlauncher.BootstrapLaunchConsumer.accept(BootstrapLaunchConsumer.java:26) [modlauncher-11.0.4.jar%23125!/:?]
	at MC-BOOTSTRAP/cpw.mods.modlauncher@11.0.4/cpw.mods.modlauncher.BootstrapLaunchConsumer.accept(BootstrapLaunchConsumer.java:23) [modlauncher-11.0.4.jar%23125!/:?]
	at cpw.mods.bootstraplauncher@2.0.2/cpw.mods.bootstraplauncher.BootstrapLauncher.run(BootstrapLauncher.java:210) [bootstraplauncher-2.0.2.jar:?]
	at cpw.mods.bootstraplauncher@2.0.2/cpw.mods.bootstraplauncher.BootstrapLauncher.main(BootstrapLauncher.java:69) [bootstraplauncher-2.0.2.jar:?]
[28Sep2024 12:42:56.228] [Render thread/ERROR] [net.minecraft.world.item.crafting.RecipeManager/]: Parsing error loading recipe everythingcopper:bee_conversion/waxed_chipped_weathered_copper_anvil_repair
com.google.gson.JsonParseException: Unknown registry key in ResourceKey[minecraft:root / neoforge:condition_codecs]: productivebees:bee_exists
	at MC-BOOTSTRAP/datafixerupper@8.0.16/com.mojang.serialization.DataResult$Error.getOrThrow(DataResult.java:287) ~[datafixerupper-8.0.16.jar%23118!/:?]
	at TRANSFORMER/minecraft@1.21.1/net.minecraft.world.item.crafting.RecipeManager.apply(RecipeManager.java:60) ~[neoforge-21.1.35.jar%23189!/:?]
	at TRANSFORMER/minecraft@1.21.1/net.minecraft.world.item.crafting.RecipeManager.apply(RecipeManager.java:36) ~[neoforge-21.1.35.jar%23189!/:?]
	at TRANSFORMER/minecraft@1.21.1/net.minecraft.server.packs.resources.SimplePreparableReloadListener.lambda$reload$1(SimplePreparableReloadListener.java:19) ~[neoforge-21.1.35.jar%23189!/:?]
	at java.base/java.util.concurrent.CompletableFuture$UniAccept.tryFire(CompletableFuture.java:718) ~[?:?]
	at java.base/java.util.concurrent.CompletableFuture$Completion.run(CompletableFuture.java:482) ~[?:?]
	at TRANSFORMER/minecraft@1.21.1/net.minecraft.server.packs.resources.SimpleReloadInstance.lambda$new$3(SimpleReloadInstance.java:86) ~[neoforge-21.1.35.jar%23189!/:?]
	at TRANSFORMER/minecraft@1.21.1/net.minecraft.util.thread.BlockableEventLoop.doRunTask(BlockableEventLoop.java:151) ~[neoforge-21.1.35.jar%23189!/:?]
	at TRANSFORMER/minecraft@1.21.1/net.minecraft.util.thread.ReentrantBlockableEventLoop.doRunTask(ReentrantBlockableEventLoop.java:24) ~[neoforge-21.1.35.jar%23189!/:?]
	at TRANSFORMER/minecraft@1.21.1/net.minecraft.util.thread.BlockableEventLoop.pollTask(BlockableEventLoop.java:122) ~[neoforge-21.1.35.jar%23189!/:?]
	at TRANSFORMER/minecraft@1.21.1/net.minecraft.util.thread.BlockableEventLoop.managedBlock(BlockableEventLoop.java:135) ~[neoforge-21.1.35.jar%23189!/:?]
	at TRANSFORMER/minecraft@1.21.1/net.minecraft.client.gui.screens.worldselection.WorldOpenFlows.loadWorldDataBlocking(WorldOpenFlows.java:201) ~[neoforge-21.1.35.jar%23189!/:?]
	at TRANSFORMER/minecraft@1.21.1/net.minecraft.client.gui.screens.worldselection.WorldOpenFlows.loadWorldStem(WorldOpenFlows.java:142) ~[neoforge-21.1.35.jar%23189!/:?]
	at TRANSFORMER/minecraft@1.21.1/net.minecraft.client.gui.screens.worldselection.WorldOpenFlows.openWorldLoadLevelStem(WorldOpenFlows.java:345) ~[neoforge-21.1.35.jar%23189!/:?]
	at TRANSFORMER/minecraft@1.21.1/net.minecraft.client.gui.screens.worldselection.WorldOpenFlows.openWorldCheckVersionCompatibility(WorldOpenFlows.java:334) ~[neoforge-21.1.35.jar%23189!/:?]
	at TRANSFORMER/minecraft@1.21.1/net.minecraft.client.gui.screens.worldselection.WorldOpenFlows.openWorldLoadLevelData(WorldOpenFlows.java:296) ~[neoforge-21.1.35.jar%23189!/:?]
	at TRANSFORMER/minecraft@1.21.1/net.minecraft.client.gui.screens.worldselection.WorldOpenFlows.openWorld(WorldOpenFlows.java:261) ~[neoforge-21.1.35.jar%23189!/:?]
	at TRANSFORMER/minecraft@1.21.1/net.minecraft.client.gui.screens.worldselection.WorldSelectionList$WorldListEntry.joinWorld(WorldSelectionList.java:516) ~[neoforge-21.1.35.jar%23189!/:?]
	at TRANSFORMER/minecraft@1.21.1/net.minecraft.client.gui.screens.worldselection.WorldSelectionList$WorldListEntry.mouseClicked(WorldSelectionList.java:499) ~[neoforge-21.1.35.jar%23189!/:?]
	at TRANSFORMER/minecraft@1.21.1/net.minecraft.client.gui.components.AbstractSelectionList.mouseClicked(AbstractSelectionList.java:303) ~[neoforge-21.1.35.jar%23189!/:?]
	at TRANSFORMER/minecraft@1.21.1/net.minecraft.client.gui.components.events.ContainerEventHandler.mouseClicked(ContainerEventHandler.java:52) ~[neoforge-21.1.35.jar%23189!/:?]
	at TRANSFORMER/minecraft@1.21.1/net.minecraft.client.MouseHandler.lambda$onPress$0(MouseHandler.java:103) ~[neoforge-21.1.35.jar%23189!/:?]
	at TRANSFORMER/minecraft@1.21.1/net.minecraft.client.gui.screens.Screen.wrapScreenError(Screen.java:469) ~[neoforge-21.1.35.jar%23189!/:?]
	at TRANSFORMER/minecraft@1.21.1/net.minecraft.client.MouseHandler.onPress(MouseHandler.java:100) ~[neoforge-21.1.35.jar%23189!/:?]
	at TRANSFORMER/minecraft@1.21.1/net.minecraft.client.MouseHandler.lambda$setup$4(MouseHandler.java:212) ~[neoforge-21.1.35.jar%23189!/:?]
	at TRANSFORMER/minecraft@1.21.1/net.minecraft.util.thread.BlockableEventLoop.execute(BlockableEventLoop.java:98) ~[neoforge-21.1.35.jar%23189!/:?]
	at TRANSFORMER/minecraft@1.21.1/net.minecraft.client.MouseHandler.lambda$setup$5(MouseHandler.java:212) ~[neoforge-21.1.35.jar%23189!/:?]
	at MC-BOOTSTRAP/org.lwjgl.glfw@3.3.3+5/org.lwjgl.glfw.GLFWMouseButtonCallbackI.callback(GLFWMouseButtonCallbackI.java:43) ~[lwjgl-glfw-3.3.3.jar%23171!/:build 5]
	at MC-BOOTSTRAP/org.lwjgl@3.3.3+5/org.lwjgl.system.JNI.invokeV(Native Method) ~[lwjgl-3.3.3.jar%23182!/:build 5]
	at MC-BOOTSTRAP/org.lwjgl.glfw@3.3.3+5/org.lwjgl.glfw.GLFW.glfwWaitEventsTimeout(GLFW.java:3509) ~[lwjgl-glfw-3.3.3.jar%23171!/:build 5]
	at TRANSFORMER/minecraft@1.21.1/com.mojang.blaze3d.systems.RenderSystem.limitDisplayFPS(RenderSystem.java:162) ~[neoforge-21.1.35.jar%23189!/:?]
	at TRANSFORMER/minecraft@1.21.1/net.minecraft.client.Minecraft.runTick(Minecraft.java:1226) ~[neoforge-21.1.35.jar%23189!/:?]
	at TRANSFORMER/minecraft@1.21.1/net.minecraft.client.Minecraft.run(Minecraft.java:813) ~[neoforge-21.1.35.jar%23189!/:?]
	at TRANSFORMER/minecraft@1.21.1/net.minecraft.client.main.Main.main(Main.java:230) ~[neoforge-21.1.35.jar%23189!/:?]
	at java.base/jdk.internal.reflect.DirectMethodHandleAccessor.invoke(DirectMethodHandleAccessor.java:103) ~[?:?]
	at java.base/java.lang.reflect.Method.invoke(Method.java:580) ~[?:?]
	at MC-BOOTSTRAP/fml_loader@4.0.24/net.neoforged.fml.loading.targets.CommonLaunchHandler.runTarget(CommonLaunchHandler.java:136) ~[loader-4.0.24.jar%23143!/:4.0]
	at MC-BOOTSTRAP/fml_loader@4.0.24/net.neoforged.fml.loading.targets.CommonLaunchHandler.clientService(CommonLaunchHandler.java:124) ~[loader-4.0.24.jar%23143!/:4.0]
	at MC-BOOTSTRAP/fml_loader@4.0.24/net.neoforged.fml.loading.targets.NeoForgeClientUserdevLaunchHandler.runService(NeoForgeClientUserdevLaunchHandler.java:23) ~[loader-4.0.24.jar%23143!/:4.0]
	at MC-BOOTSTRAP/fml_loader@4.0.24/net.neoforged.fml.loading.targets.CommonLaunchHandler.lambda$launchService$4(CommonLaunchHandler.java:118) ~[loader-4.0.24.jar%23143!/:4.0]
	at MC-BOOTSTRAP/cpw.mods.modlauncher@11.0.4/cpw.mods.modlauncher.LaunchServiceHandlerDecorator.launch(LaunchServiceHandlerDecorator.java:30) [modlauncher-11.0.4.jar%23125!/:?]
	at MC-BOOTSTRAP/cpw.mods.modlauncher@11.0.4/cpw.mods.modlauncher.LaunchServiceHandler.launch(LaunchServiceHandler.java:53) [modlauncher-11.0.4.jar%23125!/:?]
	at MC-BOOTSTRAP/cpw.mods.modlauncher@11.0.4/cpw.mods.modlauncher.LaunchServiceHandler.launch(LaunchServiceHandler.java:71) [modlauncher-11.0.4.jar%23125!/:?]
	at MC-BOOTSTRAP/cpw.mods.modlauncher@11.0.4/cpw.mods.modlauncher.Launcher.run(Launcher.java:103) [modlauncher-11.0.4.jar%23125!/:?]
	at MC-BOOTSTRAP/cpw.mods.modlauncher@11.0.4/cpw.mods.modlauncher.Launcher.main(Launcher.java:74) [modlauncher-11.0.4.jar%23125!/:?]
	at MC-BOOTSTRAP/cpw.mods.modlauncher@11.0.4/cpw.mods.modlauncher.BootstrapLaunchConsumer.accept(BootstrapLaunchConsumer.java:26) [modlauncher-11.0.4.jar%23125!/:?]
	at MC-BOOTSTRAP/cpw.mods.modlauncher@11.0.4/cpw.mods.modlauncher.BootstrapLaunchConsumer.accept(BootstrapLaunchConsumer.java:23) [modlauncher-11.0.4.jar%23125!/:?]
	at cpw.mods.bootstraplauncher@2.0.2/cpw.mods.bootstraplauncher.BootstrapLauncher.run(BootstrapLauncher.java:210) [bootstraplauncher-2.0.2.jar:?]
	at cpw.mods.bootstraplauncher@2.0.2/cpw.mods.bootstraplauncher.BootstrapLauncher.main(BootstrapLauncher.java:69) [bootstraplauncher-2.0.2.jar:?]
[28Sep2024 12:42:56.245] [Render thread/ERROR] [net.minecraft.world.item.crafting.RecipeManager/]: Parsing error loading recipe everythingcopper:bee_conversion/weathered_copper_anvil_repair
com.google.gson.JsonParseException: Unknown registry key in ResourceKey[minecraft:root / neoforge:condition_codecs]: productivebees:bee_exists
	at MC-BOOTSTRAP/datafixerupper@8.0.16/com.mojang.serialization.DataResult$Error.getOrThrow(DataResult.java:287) ~[datafixerupper-8.0.16.jar%23118!/:?]
	at TRANSFORMER/minecraft@1.21.1/net.minecraft.world.item.crafting.RecipeManager.apply(RecipeManager.java:60) ~[neoforge-21.1.35.jar%23189!/:?]
	at TRANSFORMER/minecraft@1.21.1/net.minecraft.world.item.crafting.RecipeManager.apply(RecipeManager.java:36) ~[neoforge-21.1.35.jar%23189!/:?]
	at TRANSFORMER/minecraft@1.21.1/net.minecraft.server.packs.resources.SimplePreparableReloadListener.lambda$reload$1(SimplePreparableReloadListener.java:19) ~[neoforge-21.1.35.jar%23189!/:?]
	at java.base/java.util.concurrent.CompletableFuture$UniAccept.tryFire(CompletableFuture.java:718) ~[?:?]
	at java.base/java.util.concurrent.CompletableFuture$Completion.run(CompletableFuture.java:482) ~[?:?]
	at TRANSFORMER/minecraft@1.21.1/net.minecraft.server.packs.resources.SimpleReloadInstance.lambda$new$3(SimpleReloadInstance.java:86) ~[neoforge-21.1.35.jar%23189!/:?]
	at TRANSFORMER/minecraft@1.21.1/net.minecraft.util.thread.BlockableEventLoop.doRunTask(BlockableEventLoop.java:151) ~[neoforge-21.1.35.jar%23189!/:?]
	at TRANSFORMER/minecraft@1.21.1/net.minecraft.util.thread.ReentrantBlockableEventLoop.doRunTask(ReentrantBlockableEventLoop.java:24) ~[neoforge-21.1.35.jar%23189!/:?]
	at TRANSFORMER/minecraft@1.21.1/net.minecraft.util.thread.BlockableEventLoop.pollTask(BlockableEventLoop.java:122) ~[neoforge-21.1.35.jar%23189!/:?]
	at TRANSFORMER/minecraft@1.21.1/net.minecraft.util.thread.BlockableEventLoop.managedBlock(BlockableEventLoop.java:135) ~[neoforge-21.1.35.jar%23189!/:?]
	at TRANSFORMER/minecraft@1.21.1/net.minecraft.client.gui.screens.worldselection.WorldOpenFlows.loadWorldDataBlocking(WorldOpenFlows.java:201) ~[neoforge-21.1.35.jar%23189!/:?]
	at TRANSFORMER/minecraft@1.21.1/net.minecraft.client.gui.screens.worldselection.WorldOpenFlows.loadWorldStem(WorldOpenFlows.java:142) ~[neoforge-21.1.35.jar%23189!/:?]
	at TRANSFORMER/minecraft@1.21.1/net.minecraft.client.gui.screens.worldselection.WorldOpenFlows.openWorldLoadLevelStem(WorldOpenFlows.java:345) ~[neoforge-21.1.35.jar%23189!/:?]
	at TRANSFORMER/minecraft@1.21.1/net.minecraft.client.gui.screens.worldselection.WorldOpenFlows.openWorldCheckVersionCompatibility(WorldOpenFlows.java:334) ~[neoforge-21.1.35.jar%23189!/:?]
	at TRANSFORMER/minecraft@1.21.1/net.minecraft.client.gui.screens.worldselection.WorldOpenFlows.openWorldLoadLevelData(WorldOpenFlows.java:296) ~[neoforge-21.1.35.jar%23189!/:?]
	at TRANSFORMER/minecraft@1.21.1/net.minecraft.client.gui.screens.worldselection.WorldOpenFlows.openWorld(WorldOpenFlows.java:261) ~[neoforge-21.1.35.jar%23189!/:?]
	at TRANSFORMER/minecraft@1.21.1/net.minecraft.client.gui.screens.worldselection.WorldSelectionList$WorldListEntry.joinWorld(WorldSelectionList.java:516) ~[neoforge-21.1.35.jar%23189!/:?]
	at TRANSFORMER/minecraft@1.21.1/net.minecraft.client.gui.screens.worldselection.WorldSelectionList$WorldListEntry.mouseClicked(WorldSelectionList.java:499) ~[neoforge-21.1.35.jar%23189!/:?]
	at TRANSFORMER/minecraft@1.21.1/net.minecraft.client.gui.components.AbstractSelectionList.mouseClicked(AbstractSelectionList.java:303) ~[neoforge-21.1.35.jar%23189!/:?]
	at TRANSFORMER/minecraft@1.21.1/net.minecraft.client.gui.components.events.ContainerEventHandler.mouseClicked(ContainerEventHandler.java:52) ~[neoforge-21.1.35.jar%23189!/:?]
	at TRANSFORMER/minecraft@1.21.1/net.minecraft.client.MouseHandler.lambda$onPress$0(MouseHandler.java:103) ~[neoforge-21.1.35.jar%23189!/:?]
	at TRANSFORMER/minecraft@1.21.1/net.minecraft.client.gui.screens.Screen.wrapScreenError(Screen.java:469) ~[neoforge-21.1.35.jar%23189!/:?]
	at TRANSFORMER/minecraft@1.21.1/net.minecraft.client.MouseHandler.onPress(MouseHandler.java:100) ~[neoforge-21.1.35.jar%23189!/:?]
	at TRANSFORMER/minecraft@1.21.1/net.minecraft.client.MouseHandler.lambda$setup$4(MouseHandler.java:212) ~[neoforge-21.1.35.jar%23189!/:?]
	at TRANSFORMER/minecraft@1.21.1/net.minecraft.util.thread.BlockableEventLoop.execute(BlockableEventLoop.java:98) ~[neoforge-21.1.35.jar%23189!/:?]
	at TRANSFORMER/minecraft@1.21.1/net.minecraft.client.MouseHandler.lambda$setup$5(MouseHandler.java:212) ~[neoforge-21.1.35.jar%23189!/:?]
	at MC-BOOTSTRAP/org.lwjgl.glfw@3.3.3+5/org.lwjgl.glfw.GLFWMouseButtonCallbackI.callback(GLFWMouseButtonCallbackI.java:43) ~[lwjgl-glfw-3.3.3.jar%23171!/:build 5]
	at MC-BOOTSTRAP/org.lwjgl@3.3.3+5/org.lwjgl.system.JNI.invokeV(Native Method) ~[lwjgl-3.3.3.jar%23182!/:build 5]
	at MC-BOOTSTRAP/org.lwjgl.glfw@3.3.3+5/org.lwjgl.glfw.GLFW.glfwWaitEventsTimeout(GLFW.java:3509) ~[lwjgl-glfw-3.3.3.jar%23171!/:build 5]
	at TRANSFORMER/minecraft@1.21.1/com.mojang.blaze3d.systems.RenderSystem.limitDisplayFPS(RenderSystem.java:162) ~[neoforge-21.1.35.jar%23189!/:?]
	at TRANSFORMER/minecraft@1.21.1/net.minecraft.client.Minecraft.runTick(Minecraft.java:1226) ~[neoforge-21.1.35.jar%23189!/:?]
	at TRANSFORMER/minecraft@1.21.1/net.minecraft.client.Minecraft.run(Minecraft.java:813) ~[neoforge-21.1.35.jar%23189!/:?]
	at TRANSFORMER/minecraft@1.21.1/net.minecraft.client.main.Main.main(Main.java:230) ~[neoforge-21.1.35.jar%23189!/:?]
	at java.base/jdk.internal.reflect.DirectMethodHandleAccessor.invoke(DirectMethodHandleAccessor.java:103) ~[?:?]
	at java.base/java.lang.reflect.Method.invoke(Method.java:580) ~[?:?]
	at MC-BOOTSTRAP/fml_loader@4.0.24/net.neoforged.fml.loading.targets.CommonLaunchHandler.runTarget(CommonLaunchHandler.java:136) ~[loader-4.0.24.jar%23143!/:4.0]
	at MC-BOOTSTRAP/fml_loader@4.0.24/net.neoforged.fml.loading.targets.CommonLaunchHandler.clientService(CommonLaunchHandler.java:124) ~[loader-4.0.24.jar%23143!/:4.0]
	at MC-BOOTSTRAP/fml_loader@4.0.24/net.neoforged.fml.loading.targets.NeoForgeClientUserdevLaunchHandler.runService(NeoForgeClientUserdevLaunchHandler.java:23) ~[loader-4.0.24.jar%23143!/:4.0]
	at MC-BOOTSTRAP/fml_loader@4.0.24/net.neoforged.fml.loading.targets.CommonLaunchHandler.lambda$launchService$4(CommonLaunchHandler.java:118) ~[loader-4.0.24.jar%23143!/:4.0]
	at MC-BOOTSTRAP/cpw.mods.modlauncher@11.0.4/cpw.mods.modlauncher.LaunchServiceHandlerDecorator.launch(LaunchServiceHandlerDecorator.java:30) [modlauncher-11.0.4.jar%23125!/:?]
	at MC-BOOTSTRAP/cpw.mods.modlauncher@11.0.4/cpw.mods.modlauncher.LaunchServiceHandler.launch(LaunchServiceHandler.java:53) [modlauncher-11.0.4.jar%23125!/:?]
	at MC-BOOTSTRAP/cpw.mods.modlauncher@11.0.4/cpw.mods.modlauncher.LaunchServiceHandler.launch(LaunchServiceHandler.java:71) [modlauncher-11.0.4.jar%23125!/:?]
	at MC-BOOTSTRAP/cpw.mods.modlauncher@11.0.4/cpw.mods.modlauncher.Launcher.run(Launcher.java:103) [modlauncher-11.0.4.jar%23125!/:?]
	at MC-BOOTSTRAP/cpw.mods.modlauncher@11.0.4/cpw.mods.modlauncher.Launcher.main(Launcher.java:74) [modlauncher-11.0.4.jar%23125!/:?]
	at MC-BOOTSTRAP/cpw.mods.modlauncher@11.0.4/cpw.mods.modlauncher.BootstrapLaunchConsumer.accept(BootstrapLaunchConsumer.java:26) [modlauncher-11.0.4.jar%23125!/:?]
	at MC-BOOTSTRAP/cpw.mods.modlauncher@11.0.4/cpw.mods.modlauncher.BootstrapLaunchConsumer.accept(BootstrapLaunchConsumer.java:23) [modlauncher-11.0.4.jar%23125!/:?]
	at cpw.mods.bootstraplauncher@2.0.2/cpw.mods.bootstraplauncher.BootstrapLauncher.run(BootstrapLauncher.java:210) [bootstraplauncher-2.0.2.jar:?]
	at cpw.mods.bootstraplauncher@2.0.2/cpw.mods.bootstraplauncher.BootstrapLauncher.main(BootstrapLauncher.java:69) [bootstraplauncher-2.0.2.jar:?]
[28Sep2024 12:42:56.258] [Render thread/ERROR] [net.minecraft.world.item.crafting.RecipeManager/]: Parsing error loading recipe everythingcopper:bee_conversion/waxed_chipped_oxidized_copper_anvil_repair
com.google.gson.JsonParseException: Unknown registry key in ResourceKey[minecraft:root / neoforge:condition_codecs]: productivebees:bee_exists
	at MC-BOOTSTRAP/datafixerupper@8.0.16/com.mojang.serialization.DataResult$Error.getOrThrow(DataResult.java:287) ~[datafixerupper-8.0.16.jar%23118!/:?]
	at TRANSFORMER/minecraft@1.21.1/net.minecraft.world.item.crafting.RecipeManager.apply(RecipeManager.java:60) ~[neoforge-21.1.35.jar%23189!/:?]
	at TRANSFORMER/minecraft@1.21.1/net.minecraft.world.item.crafting.RecipeManager.apply(RecipeManager.java:36) ~[neoforge-21.1.35.jar%23189!/:?]
	at TRANSFORMER/minecraft@1.21.1/net.minecraft.server.packs.resources.SimplePreparableReloadListener.lambda$reload$1(SimplePreparableReloadListener.java:19) ~[neoforge-21.1.35.jar%23189!/:?]
	at java.base/java.util.concurrent.CompletableFuture$UniAccept.tryFire(CompletableFuture.java:718) ~[?:?]
	at java.base/java.util.concurrent.CompletableFuture$Completion.run(CompletableFuture.java:482) ~[?:?]
	at TRANSFORMER/minecraft@1.21.1/net.minecraft.server.packs.resources.SimpleReloadInstance.lambda$new$3(SimpleReloadInstance.java:86) ~[neoforge-21.1.35.jar%23189!/:?]
	at TRANSFORMER/minecraft@1.21.1/net.minecraft.util.thread.BlockableEventLoop.doRunTask(BlockableEventLoop.java:151) ~[neoforge-21.1.35.jar%23189!/:?]
	at TRANSFORMER/minecraft@1.21.1/net.minecraft.util.thread.ReentrantBlockableEventLoop.doRunTask(ReentrantBlockableEventLoop.java:24) ~[neoforge-21.1.35.jar%23189!/:?]
	at TRANSFORMER/minecraft@1.21.1/net.minecraft.util.thread.BlockableEventLoop.pollTask(BlockableEventLoop.java:122) ~[neoforge-21.1.35.jar%23189!/:?]
	at TRANSFORMER/minecraft@1.21.1/net.minecraft.util.thread.BlockableEventLoop.managedBlock(BlockableEventLoop.java:135) ~[neoforge-21.1.35.jar%23189!/:?]
	at TRANSFORMER/minecraft@1.21.1/net.minecraft.client.gui.screens.worldselection.WorldOpenFlows.loadWorldDataBlocking(WorldOpenFlows.java:201) ~[neoforge-21.1.35.jar%23189!/:?]
	at TRANSFORMER/minecraft@1.21.1/net.minecraft.client.gui.screens.worldselection.WorldOpenFlows.loadWorldStem(WorldOpenFlows.java:142) ~[neoforge-21.1.35.jar%23189!/:?]
	at TRANSFORMER/minecraft@1.21.1/net.minecraft.client.gui.screens.worldselection.WorldOpenFlows.openWorldLoadLevelStem(WorldOpenFlows.java:345) ~[neoforge-21.1.35.jar%23189!/:?]
	at TRANSFORMER/minecraft@1.21.1/net.minecraft.client.gui.screens.worldselection.WorldOpenFlows.openWorldCheckVersionCompatibility(WorldOpenFlows.java:334) ~[neoforge-21.1.35.jar%23189!/:?]
	at TRANSFORMER/minecraft@1.21.1/net.minecraft.client.gui.screens.worldselection.WorldOpenFlows.openWorldLoadLevelData(WorldOpenFlows.java:296) ~[neoforge-21.1.35.jar%23189!/:?]
	at TRANSFORMER/minecraft@1.21.1/net.minecraft.client.gui.screens.worldselection.WorldOpenFlows.openWorld(WorldOpenFlows.java:261) ~[neoforge-21.1.35.jar%23189!/:?]
	at TRANSFORMER/minecraft@1.21.1/net.minecraft.client.gui.screens.worldselection.WorldSelectionList$WorldListEntry.joinWorld(WorldSelectionList.java:516) ~[neoforge-21.1.35.jar%23189!/:?]
	at TRANSFORMER/minecraft@1.21.1/net.minecraft.client.gui.screens.worldselection.WorldSelectionList$WorldListEntry.mouseClicked(WorldSelectionList.java:499) ~[neoforge-21.1.35.jar%23189!/:?]
	at TRANSFORMER/minecraft@1.21.1/net.minecraft.client.gui.components.AbstractSelectionList.mouseClicked(AbstractSelectionList.java:303) ~[neoforge-21.1.35.jar%23189!/:?]
	at TRANSFORMER/minecraft@1.21.1/net.minecraft.client.gui.components.events.ContainerEventHandler.mouseClicked(ContainerEventHandler.java:52) ~[neoforge-21.1.35.jar%23189!/:?]
	at TRANSFORMER/minecraft@1.21.1/net.minecraft.client.MouseHandler.lambda$onPress$0(MouseHandler.java:103) ~[neoforge-21.1.35.jar%23189!/:?]
	at TRANSFORMER/minecraft@1.21.1/net.minecraft.client.gui.screens.Screen.wrapScreenError(Screen.java:469) ~[neoforge-21.1.35.jar%23189!/:?]
	at TRANSFORMER/minecraft@1.21.1/net.minecraft.client.MouseHandler.onPress(MouseHandler.java:100) ~[neoforge-21.1.35.jar%23189!/:?]
	at TRANSFORMER/minecraft@1.21.1/net.minecraft.client.MouseHandler.lambda$setup$4(MouseHandler.java:212) ~[neoforge-21.1.35.jar%23189!/:?]
	at TRANSFORMER/minecraft@1.21.1/net.minecraft.util.thread.BlockableEventLoop.execute(BlockableEventLoop.java:98) ~[neoforge-21.1.35.jar%23189!/:?]
	at TRANSFORMER/minecraft@1.21.1/net.minecraft.client.MouseHandler.lambda$setup$5(MouseHandler.java:212) ~[neoforge-21.1.35.jar%23189!/:?]
	at MC-BOOTSTRAP/org.lwjgl.glfw@3.3.3+5/org.lwjgl.glfw.GLFWMouseButtonCallbackI.callback(GLFWMouseButtonCallbackI.java:43) ~[lwjgl-glfw-3.3.3.jar%23171!/:build 5]
	at MC-BOOTSTRAP/org.lwjgl@3.3.3+5/org.lwjgl.system.JNI.invokeV(Native Method) ~[lwjgl-3.3.3.jar%23182!/:build 5]
	at MC-BOOTSTRAP/org.lwjgl.glfw@3.3.3+5/org.lwjgl.glfw.GLFW.glfwWaitEventsTimeout(GLFW.java:3509) ~[lwjgl-glfw-3.3.3.jar%23171!/:build 5]
	at TRANSFORMER/minecraft@1.21.1/com.mojang.blaze3d.systems.RenderSystem.limitDisplayFPS(RenderSystem.java:162) ~[neoforge-21.1.35.jar%23189!/:?]
	at TRANSFORMER/minecraft@1.21.1/net.minecraft.client.Minecraft.runTick(Minecraft.java:1226) ~[neoforge-21.1.35.jar%23189!/:?]
	at TRANSFORMER/minecraft@1.21.1/net.minecraft.client.Minecraft.run(Minecraft.java:813) ~[neoforge-21.1.35.jar%23189!/:?]
	at TRANSFORMER/minecraft@1.21.1/net.minecraft.client.main.Main.main(Main.java:230) ~[neoforge-21.1.35.jar%23189!/:?]
	at java.base/jdk.internal.reflect.DirectMethodHandleAccessor.invoke(DirectMethodHandleAccessor.java:103) ~[?:?]
	at java.base/java.lang.reflect.Method.invoke(Method.java:580) ~[?:?]
	at MC-BOOTSTRAP/fml_loader@4.0.24/net.neoforged.fml.loading.targets.CommonLaunchHandler.runTarget(CommonLaunchHandler.java:136) ~[loader-4.0.24.jar%23143!/:4.0]
	at MC-BOOTSTRAP/fml_loader@4.0.24/net.neoforged.fml.loading.targets.CommonLaunchHandler.clientService(CommonLaunchHandler.java:124) ~[loader-4.0.24.jar%23143!/:4.0]
	at MC-BOOTSTRAP/fml_loader@4.0.24/net.neoforged.fml.loading.targets.NeoForgeClientUserdevLaunchHandler.runService(NeoForgeClientUserdevLaunchHandler.java:23) ~[loader-4.0.24.jar%23143!/:4.0]
	at MC-BOOTSTRAP/fml_loader@4.0.24/net.neoforged.fml.loading.targets.CommonLaunchHandler.lambda$launchService$4(CommonLaunchHandler.java:118) ~[loader-4.0.24.jar%23143!/:4.0]
	at MC-BOOTSTRAP/cpw.mods.modlauncher@11.0.4/cpw.mods.modlauncher.LaunchServiceHandlerDecorator.launch(LaunchServiceHandlerDecorator.java:30) [modlauncher-11.0.4.jar%23125!/:?]
	at MC-BOOTSTRAP/cpw.mods.modlauncher@11.0.4/cpw.mods.modlauncher.LaunchServiceHandler.launch(LaunchServiceHandler.java:53) [modlauncher-11.0.4.jar%23125!/:?]
	at MC-BOOTSTRAP/cpw.mods.modlauncher@11.0.4/cpw.mods.modlauncher.LaunchServiceHandler.launch(LaunchServiceHandler.java:71) [modlauncher-11.0.4.jar%23125!/:?]
	at MC-BOOTSTRAP/cpw.mods.modlauncher@11.0.4/cpw.mods.modlauncher.Launcher.run(Launcher.java:103) [modlauncher-11.0.4.jar%23125!/:?]
	at MC-BOOTSTRAP/cpw.mods.modlauncher@11.0.4/cpw.mods.modlauncher.Launcher.main(Launcher.java:74) [modlauncher-11.0.4.jar%23125!/:?]
	at MC-BOOTSTRAP/cpw.mods.modlauncher@11.0.4/cpw.mods.modlauncher.BootstrapLaunchConsumer.accept(BootstrapLaunchConsumer.java:26) [modlauncher-11.0.4.jar%23125!/:?]
	at MC-BOOTSTRAP/cpw.mods.modlauncher@11.0.4/cpw.mods.modlauncher.BootstrapLaunchConsumer.accept(BootstrapLaunchConsumer.java:23) [modlauncher-11.0.4.jar%23125!/:?]
	at cpw.mods.bootstraplauncher@2.0.2/cpw.mods.bootstraplauncher.BootstrapLauncher.run(BootstrapLauncher.java:210) [bootstraplauncher-2.0.2.jar:?]
	at cpw.mods.bootstraplauncher@2.0.2/cpw.mods.bootstraplauncher.BootstrapLauncher.main(BootstrapLauncher.java:69) [bootstraplauncher-2.0.2.jar:?]
[28Sep2024 12:42:56.271] [Render thread/ERROR] [net.minecraft.world.item.crafting.RecipeManager/]: Parsing error loading recipe everythingcopper:bee_conversion/waxed_copper_anvil_repair
com.google.gson.JsonParseException: Unknown registry key in ResourceKey[minecraft:root / neoforge:condition_codecs]: productivebees:bee_exists
	at MC-BOOTSTRAP/datafixerupper@8.0.16/com.mojang.serialization.DataResult$Error.getOrThrow(DataResult.java:287) ~[datafixerupper-8.0.16.jar%23118!/:?]
	at TRANSFORMER/minecraft@1.21.1/net.minecraft.world.item.crafting.RecipeManager.apply(RecipeManager.java:60) ~[neoforge-21.1.35.jar%23189!/:?]
	at TRANSFORMER/minecraft@1.21.1/net.minecraft.world.item.crafting.RecipeManager.apply(RecipeManager.java:36) ~[neoforge-21.1.35.jar%23189!/:?]
	at TRANSFORMER/minecraft@1.21.1/net.minecraft.server.packs.resources.SimplePreparableReloadListener.lambda$reload$1(SimplePreparableReloadListener.java:19) ~[neoforge-21.1.35.jar%23189!/:?]
	at java.base/java.util.concurrent.CompletableFuture$UniAccept.tryFire(CompletableFuture.java:718) ~[?:?]
	at java.base/java.util.concurrent.CompletableFuture$Completion.run(CompletableFuture.java:482) ~[?:?]
	at TRANSFORMER/minecraft@1.21.1/net.minecraft.server.packs.resources.SimpleReloadInstance.lambda$new$3(SimpleReloadInstance.java:86) ~[neoforge-21.1.35.jar%23189!/:?]
	at TRANSFORMER/minecraft@1.21.1/net.minecraft.util.thread.BlockableEventLoop.doRunTask(BlockableEventLoop.java:151) ~[neoforge-21.1.35.jar%23189!/:?]
	at TRANSFORMER/minecraft@1.21.1/net.minecraft.util.thread.ReentrantBlockableEventLoop.doRunTask(ReentrantBlockableEventLoop.java:24) ~[neoforge-21.1.35.jar%23189!/:?]
	at TRANSFORMER/minecraft@1.21.1/net.minecraft.util.thread.BlockableEventLoop.pollTask(BlockableEventLoop.java:122) ~[neoforge-21.1.35.jar%23189!/:?]
	at TRANSFORMER/minecraft@1.21.1/net.minecraft.util.thread.BlockableEventLoop.managedBlock(BlockableEventLoop.java:135) ~[neoforge-21.1.35.jar%23189!/:?]
	at TRANSFORMER/minecraft@1.21.1/net.minecraft.client.gui.screens.worldselection.WorldOpenFlows.loadWorldDataBlocking(WorldOpenFlows.java:201) ~[neoforge-21.1.35.jar%23189!/:?]
	at TRANSFORMER/minecraft@1.21.1/net.minecraft.client.gui.screens.worldselection.WorldOpenFlows.loadWorldStem(WorldOpenFlows.java:142) ~[neoforge-21.1.35.jar%23189!/:?]
	at TRANSFORMER/minecraft@1.21.1/net.minecraft.client.gui.screens.worldselection.WorldOpenFlows.openWorldLoadLevelStem(WorldOpenFlows.java:345) ~[neoforge-21.1.35.jar%23189!/:?]
	at TRANSFORMER/minecraft@1.21.1/net.minecraft.client.gui.screens.worldselection.WorldOpenFlows.openWorldCheckVersionCompatibility(WorldOpenFlows.java:334) ~[neoforge-21.1.35.jar%23189!/:?]
	at TRANSFORMER/minecraft@1.21.1/net.minecraft.client.gui.screens.worldselection.WorldOpenFlows.openWorldLoadLevelData(WorldOpenFlows.java:296) ~[neoforge-21.1.35.jar%23189!/:?]
	at TRANSFORMER/minecraft@1.21.1/net.minecraft.client.gui.screens.worldselection.WorldOpenFlows.openWorld(WorldOpenFlows.java:261) ~[neoforge-21.1.35.jar%23189!/:?]
	at TRANSFORMER/minecraft@1.21.1/net.minecraft.client.gui.screens.worldselection.WorldSelectionList$WorldListEntry.joinWorld(WorldSelectionList.java:516) ~[neoforge-21.1.35.jar%23189!/:?]
	at TRANSFORMER/minecraft@1.21.1/net.minecraft.client.gui.screens.worldselection.WorldSelectionList$WorldListEntry.mouseClicked(WorldSelectionList.java:499) ~[neoforge-21.1.35.jar%23189!/:?]
	at TRANSFORMER/minecraft@1.21.1/net.minecraft.client.gui.components.AbstractSelectionList.mouseClicked(AbstractSelectionList.java:303) ~[neoforge-21.1.35.jar%23189!/:?]
	at TRANSFORMER/minecraft@1.21.1/net.minecraft.client.gui.components.events.ContainerEventHandler.mouseClicked(ContainerEventHandler.java:52) ~[neoforge-21.1.35.jar%23189!/:?]
	at TRANSFORMER/minecraft@1.21.1/net.minecraft.client.MouseHandler.lambda$onPress$0(MouseHandler.java:103) ~[neoforge-21.1.35.jar%23189!/:?]
	at TRANSFORMER/minecraft@1.21.1/net.minecraft.client.gui.screens.Screen.wrapScreenError(Screen.java:469) ~[neoforge-21.1.35.jar%23189!/:?]
	at TRANSFORMER/minecraft@1.21.1/net.minecraft.client.MouseHandler.onPress(MouseHandler.java:100) ~[neoforge-21.1.35.jar%23189!/:?]
	at TRANSFORMER/minecraft@1.21.1/net.minecraft.client.MouseHandler.lambda$setup$4(MouseHandler.java:212) ~[neoforge-21.1.35.jar%23189!/:?]
	at TRANSFORMER/minecraft@1.21.1/net.minecraft.util.thread.BlockableEventLoop.execute(BlockableEventLoop.java:98) ~[neoforge-21.1.35.jar%23189!/:?]
	at TRANSFORMER/minecraft@1.21.1/net.minecraft.client.MouseHandler.lambda$setup$5(MouseHandler.java:212) ~[neoforge-21.1.35.jar%23189!/:?]
	at MC-BOOTSTRAP/org.lwjgl.glfw@3.3.3+5/org.lwjgl.glfw.GLFWMouseButtonCallbackI.callback(GLFWMouseButtonCallbackI.java:43) ~[lwjgl-glfw-3.3.3.jar%23171!/:build 5]
	at MC-BOOTSTRAP/org.lwjgl@3.3.3+5/org.lwjgl.system.JNI.invokeV(Native Method) ~[lwjgl-3.3.3.jar%23182!/:build 5]
	at MC-BOOTSTRAP/org.lwjgl.glfw@3.3.3+5/org.lwjgl.glfw.GLFW.glfwWaitEventsTimeout(GLFW.java:3509) ~[lwjgl-glfw-3.3.3.jar%23171!/:build 5]
	at TRANSFORMER/minecraft@1.21.1/com.mojang.blaze3d.systems.RenderSystem.limitDisplayFPS(RenderSystem.java:162) ~[neoforge-21.1.35.jar%23189!/:?]
	at TRANSFORMER/minecraft@1.21.1/net.minecraft.client.Minecraft.runTick(Minecraft.java:1226) ~[neoforge-21.1.35.jar%23189!/:?]
	at TRANSFORMER/minecraft@1.21.1/net.minecraft.client.Minecraft.run(Minecraft.java:813) ~[neoforge-21.1.35.jar%23189!/:?]
	at TRANSFORMER/minecraft@1.21.1/net.minecraft.client.main.Main.main(Main.java:230) ~[neoforge-21.1.35.jar%23189!/:?]
	at java.base/jdk.internal.reflect.DirectMethodHandleAccessor.invoke(DirectMethodHandleAccessor.java:103) ~[?:?]
	at java.base/java.lang.reflect.Method.invoke(Method.java:580) ~[?:?]
	at MC-BOOTSTRAP/fml_loader@4.0.24/net.neoforged.fml.loading.targets.CommonLaunchHandler.runTarget(CommonLaunchHandler.java:136) ~[loader-4.0.24.jar%23143!/:4.0]
	at MC-BOOTSTRAP/fml_loader@4.0.24/net.neoforged.fml.loading.targets.CommonLaunchHandler.clientService(CommonLaunchHandler.java:124) ~[loader-4.0.24.jar%23143!/:4.0]
	at MC-BOOTSTRAP/fml_loader@4.0.24/net.neoforged.fml.loading.targets.NeoForgeClientUserdevLaunchHandler.runService(NeoForgeClientUserdevLaunchHandler.java:23) ~[loader-4.0.24.jar%23143!/:4.0]
	at MC-BOOTSTRAP/fml_loader@4.0.24/net.neoforged.fml.loading.targets.CommonLaunchHandler.lambda$launchService$4(CommonLaunchHandler.java:118) ~[loader-4.0.24.jar%23143!/:4.0]
	at MC-BOOTSTRAP/cpw.mods.modlauncher@11.0.4/cpw.mods.modlauncher.LaunchServiceHandlerDecorator.launch(LaunchServiceHandlerDecorator.java:30) [modlauncher-11.0.4.jar%23125!/:?]
	at MC-BOOTSTRAP/cpw.mods.modlauncher@11.0.4/cpw.mods.modlauncher.LaunchServiceHandler.launch(LaunchServiceHandler.java:53) [modlauncher-11.0.4.jar%23125!/:?]
	at MC-BOOTSTRAP/cpw.mods.modlauncher@11.0.4/cpw.mods.modlauncher.LaunchServiceHandler.launch(LaunchServiceHandler.java:71) [modlauncher-11.0.4.jar%23125!/:?]
	at MC-BOOTSTRAP/cpw.mods.modlauncher@11.0.4/cpw.mods.modlauncher.Launcher.run(Launcher.java:103) [modlauncher-11.0.4.jar%23125!/:?]
	at MC-BOOTSTRAP/cpw.mods.modlauncher@11.0.4/cpw.mods.modlauncher.Launcher.main(Launcher.java:74) [modlauncher-11.0.4.jar%23125!/:?]
	at MC-BOOTSTRAP/cpw.mods.modlauncher@11.0.4/cpw.mods.modlauncher.BootstrapLaunchConsumer.accept(BootstrapLaunchConsumer.java:26) [modlauncher-11.0.4.jar%23125!/:?]
	at MC-BOOTSTRAP/cpw.mods.modlauncher@11.0.4/cpw.mods.modlauncher.BootstrapLaunchConsumer.accept(BootstrapLaunchConsumer.java:23) [modlauncher-11.0.4.jar%23125!/:?]
	at cpw.mods.bootstraplauncher@2.0.2/cpw.mods.bootstraplauncher.BootstrapLauncher.run(BootstrapLauncher.java:210) [bootstraplauncher-2.0.2.jar:?]
	at cpw.mods.bootstraplauncher@2.0.2/cpw.mods.bootstraplauncher.BootstrapLauncher.main(BootstrapLauncher.java:69) [bootstraplauncher-2.0.2.jar:?]
[28Sep2024 12:42:56.288] [Render thread/ERROR] [net.minecraft.world.item.crafting.RecipeManager/]: Parsing error loading recipe everythingcopper:bee_conversion/oxidized_copper_anvil_repair
com.google.gson.JsonParseException: Unknown registry key in ResourceKey[minecraft:root / neoforge:condition_codecs]: productivebees:bee_exists
	at MC-BOOTSTRAP/datafixerupper@8.0.16/com.mojang.serialization.DataResult$Error.getOrThrow(DataResult.java:287) ~[datafixerupper-8.0.16.jar%23118!/:?]
	at TRANSFORMER/minecraft@1.21.1/net.minecraft.world.item.crafting.RecipeManager.apply(RecipeManager.java:60) ~[neoforge-21.1.35.jar%23189!/:?]
	at TRANSFORMER/minecraft@1.21.1/net.minecraft.world.item.crafting.RecipeManager.apply(RecipeManager.java:36) ~[neoforge-21.1.35.jar%23189!/:?]
	at TRANSFORMER/minecraft@1.21.1/net.minecraft.server.packs.resources.SimplePreparableReloadListener.lambda$reload$1(SimplePreparableReloadListener.java:19) ~[neoforge-21.1.35.jar%23189!/:?]
	at java.base/java.util.concurrent.CompletableFuture$UniAccept.tryFire(CompletableFuture.java:718) ~[?:?]
	at java.base/java.util.concurrent.CompletableFuture$Completion.run(CompletableFuture.java:482) ~[?:?]
	at TRANSFORMER/minecraft@1.21.1/net.minecraft.server.packs.resources.SimpleReloadInstance.lambda$new$3(SimpleReloadInstance.java:86) ~[neoforge-21.1.35.jar%23189!/:?]
	at TRANSFORMER/minecraft@1.21.1/net.minecraft.util.thread.BlockableEventLoop.doRunTask(BlockableEventLoop.java:151) ~[neoforge-21.1.35.jar%23189!/:?]
	at TRANSFORMER/minecraft@1.21.1/net.minecraft.util.thread.ReentrantBlockableEventLoop.doRunTask(ReentrantBlockableEventLoop.java:24) ~[neoforge-21.1.35.jar%23189!/:?]
	at TRANSFORMER/minecraft@1.21.1/net.minecraft.util.thread.BlockableEventLoop.pollTask(BlockableEventLoop.java:122) ~[neoforge-21.1.35.jar%23189!/:?]
	at TRANSFORMER/minecraft@1.21.1/net.minecraft.util.thread.BlockableEventLoop.managedBlock(BlockableEventLoop.java:135) ~[neoforge-21.1.35.jar%23189!/:?]
	at TRANSFORMER/minecraft@1.21.1/net.minecraft.client.gui.screens.worldselection.WorldOpenFlows.loadWorldDataBlocking(WorldOpenFlows.java:201) ~[neoforge-21.1.35.jar%23189!/:?]
	at TRANSFORMER/minecraft@1.21.1/net.minecraft.client.gui.screens.worldselection.WorldOpenFlows.loadWorldStem(WorldOpenFlows.java:142) ~[neoforge-21.1.35.jar%23189!/:?]
	at TRANSFORMER/minecraft@1.21.1/net.minecraft.client.gui.screens.worldselection.WorldOpenFlows.openWorldLoadLevelStem(WorldOpenFlows.java:345) ~[neoforge-21.1.35.jar%23189!/:?]
	at TRANSFORMER/minecraft@1.21.1/net.minecraft.client.gui.screens.worldselection.WorldOpenFlows.openWorldCheckVersionCompatibility(WorldOpenFlows.java:334) ~[neoforge-21.1.35.jar%23189!/:?]
	at TRANSFORMER/minecraft@1.21.1/net.minecraft.client.gui.screens.worldselection.WorldOpenFlows.openWorldLoadLevelData(WorldOpenFlows.java:296) ~[neoforge-21.1.35.jar%23189!/:?]
	at TRANSFORMER/minecraft@1.21.1/net.minecraft.client.gui.screens.worldselection.WorldOpenFlows.openWorld(WorldOpenFlows.java:261) ~[neoforge-21.1.35.jar%23189!/:?]
	at TRANSFORMER/minecraft@1.21.1/net.minecraft.client.gui.screens.worldselection.WorldSelectionList$WorldListEntry.joinWorld(WorldSelectionList.java:516) ~[neoforge-21.1.35.jar%23189!/:?]
	at TRANSFORMER/minecraft@1.21.1/net.minecraft.client.gui.screens.worldselection.WorldSelectionList$WorldListEntry.mouseClicked(WorldSelectionList.java:499) ~[neoforge-21.1.35.jar%23189!/:?]
	at TRANSFORMER/minecraft@1.21.1/net.minecraft.client.gui.components.AbstractSelectionList.mouseClicked(AbstractSelectionList.java:303) ~[neoforge-21.1.35.jar%23189!/:?]
	at TRANSFORMER/minecraft@1.21.1/net.minecraft.client.gui.components.events.ContainerEventHandler.mouseClicked(ContainerEventHandler.java:52) ~[neoforge-21.1.35.jar%23189!/:?]
	at TRANSFORMER/minecraft@1.21.1/net.minecraft.client.MouseHandler.lambda$onPress$0(MouseHandler.java:103) ~[neoforge-21.1.35.jar%23189!/:?]
	at TRANSFORMER/minecraft@1.21.1/net.minecraft.client.gui.screens.Screen.wrapScreenError(Screen.java:469) ~[neoforge-21.1.35.jar%23189!/:?]
	at TRANSFORMER/minecraft@1.21.1/net.minecraft.client.MouseHandler.onPress(MouseHandler.java:100) ~[neoforge-21.1.35.jar%23189!/:?]
	at TRANSFORMER/minecraft@1.21.1/net.minecraft.client.MouseHandler.lambda$setup$4(MouseHandler.java:212) ~[neoforge-21.1.35.jar%23189!/:?]
	at TRANSFORMER/minecraft@1.21.1/net.minecraft.util.thread.BlockableEventLoop.execute(BlockableEventLoop.java:98) ~[neoforge-21.1.35.jar%23189!/:?]
	at TRANSFORMER/minecraft@1.21.1/net.minecraft.client.MouseHandler.lambda$setup$5(MouseHandler.java:212) ~[neoforge-21.1.35.jar%23189!/:?]
	at MC-BOOTSTRAP/org.lwjgl.glfw@3.3.3+5/org.lwjgl.glfw.GLFWMouseButtonCallbackI.callback(GLFWMouseButtonCallbackI.java:43) ~[lwjgl-glfw-3.3.3.jar%23171!/:build 5]
	at MC-BOOTSTRAP/org.lwjgl@3.3.3+5/org.lwjgl.system.JNI.invokeV(Native Method) ~[lwjgl-3.3.3.jar%23182!/:build 5]
	at MC-BOOTSTRAP/org.lwjgl.glfw@3.3.3+5/org.lwjgl.glfw.GLFW.glfwWaitEventsTimeout(GLFW.java:3509) ~[lwjgl-glfw-3.3.3.jar%23171!/:build 5]
	at TRANSFORMER/minecraft@1.21.1/com.mojang.blaze3d.systems.RenderSystem.limitDisplayFPS(RenderSystem.java:162) ~[neoforge-21.1.35.jar%23189!/:?]
	at TRANSFORMER/minecraft@1.21.1/net.minecraft.client.Minecraft.runTick(Minecraft.java:1226) ~[neoforge-21.1.35.jar%23189!/:?]
	at TRANSFORMER/minecraft@1.21.1/net.minecraft.client.Minecraft.run(Minecraft.java:813) ~[neoforge-21.1.35.jar%23189!/:?]
	at TRANSFORMER/minecraft@1.21.1/net.minecraft.client.main.Main.main(Main.java:230) ~[neoforge-21.1.35.jar%23189!/:?]
	at java.base/jdk.internal.reflect.DirectMethodHandleAccessor.invoke(DirectMethodHandleAccessor.java:103) ~[?:?]
	at java.base/java.lang.reflect.Method.invoke(Method.java:580) ~[?:?]
	at MC-BOOTSTRAP/fml_loader@4.0.24/net.neoforged.fml.loading.targets.CommonLaunchHandler.runTarget(CommonLaunchHandler.java:136) ~[loader-4.0.24.jar%23143!/:4.0]
	at MC-BOOTSTRAP/fml_loader@4.0.24/net.neoforged.fml.loading.targets.CommonLaunchHandler.clientService(CommonLaunchHandler.java:124) ~[loader-4.0.24.jar%23143!/:4.0]
	at MC-BOOTSTRAP/fml_loader@4.0.24/net.neoforged.fml.loading.targets.NeoForgeClientUserdevLaunchHandler.runService(NeoForgeClientUserdevLaunchHandler.java:23) ~[loader-4.0.24.jar%23143!/:4.0]
	at MC-BOOTSTRAP/fml_loader@4.0.24/net.neoforged.fml.loading.targets.CommonLaunchHandler.lambda$launchService$4(CommonLaunchHandler.java:118) ~[loader-4.0.24.jar%23143!/:4.0]
	at MC-BOOTSTRAP/cpw.mods.modlauncher@11.0.4/cpw.mods.modlauncher.LaunchServiceHandlerDecorator.launch(LaunchServiceHandlerDecorator.java:30) [modlauncher-11.0.4.jar%23125!/:?]
	at MC-BOOTSTRAP/cpw.mods.modlauncher@11.0.4/cpw.mods.modlauncher.LaunchServiceHandler.launch(LaunchServiceHandler.java:53) [modlauncher-11.0.4.jar%23125!/:?]
	at MC-BOOTSTRAP/cpw.mods.modlauncher@11.0.4/cpw.mods.modlauncher.LaunchServiceHandler.launch(LaunchServiceHandler.java:71) [modlauncher-11.0.4.jar%23125!/:?]
	at MC-BOOTSTRAP/cpw.mods.modlauncher@11.0.4/cpw.mods.modlauncher.Launcher.run(Launcher.java:103) [modlauncher-11.0.4.jar%23125!/:?]
	at MC-BOOTSTRAP/cpw.mods.modlauncher@11.0.4/cpw.mods.modlauncher.Launcher.main(Launcher.java:74) [modlauncher-11.0.4.jar%23125!/:?]
	at MC-BOOTSTRAP/cpw.mods.modlauncher@11.0.4/cpw.mods.modlauncher.BootstrapLaunchConsumer.accept(BootstrapLaunchConsumer.java:26) [modlauncher-11.0.4.jar%23125!/:?]
	at MC-BOOTSTRAP/cpw.mods.modlauncher@11.0.4/cpw.mods.modlauncher.BootstrapLaunchConsumer.accept(BootstrapLaunchConsumer.java:23) [modlauncher-11.0.4.jar%23125!/:?]
	at cpw.mods.bootstraplauncher@2.0.2/cpw.mods.bootstraplauncher.BootstrapLauncher.run(BootstrapLauncher.java:210) [bootstraplauncher-2.0.2.jar:?]
	at cpw.mods.bootstraplauncher@2.0.2/cpw.mods.bootstraplauncher.BootstrapLauncher.main(BootstrapLauncher.java:69) [bootstraplauncher-2.0.2.jar:?]
[28Sep2024 12:42:56.302] [Render thread/ERROR] [net.minecraft.world.item.crafting.RecipeManager/]: Parsing error loading recipe everythingcopper:bee_conversion/waxed_chipped_copper_anvil_repair
com.google.gson.JsonParseException: Unknown registry key in ResourceKey[minecraft:root / neoforge:condition_codecs]: productivebees:bee_exists
	at MC-BOOTSTRAP/datafixerupper@8.0.16/com.mojang.serialization.DataResult$Error.getOrThrow(DataResult.java:287) ~[datafixerupper-8.0.16.jar%23118!/:?]
	at TRANSFORMER/minecraft@1.21.1/net.minecraft.world.item.crafting.RecipeManager.apply(RecipeManager.java:60) ~[neoforge-21.1.35.jar%23189!/:?]
	at TRANSFORMER/minecraft@1.21.1/net.minecraft.world.item.crafting.RecipeManager.apply(RecipeManager.java:36) ~[neoforge-21.1.35.jar%23189!/:?]
	at TRANSFORMER/minecraft@1.21.1/net.minecraft.server.packs.resources.SimplePreparableReloadListener.lambda$reload$1(SimplePreparableReloadListener.java:19) ~[neoforge-21.1.35.jar%23189!/:?]
	at java.base/java.util.concurrent.CompletableFuture$UniAccept.tryFire(CompletableFuture.java:718) ~[?:?]
	at java.base/java.util.concurrent.CompletableFuture$Completion.run(CompletableFuture.java:482) ~[?:?]
	at TRANSFORMER/minecraft@1.21.1/net.minecraft.server.packs.resources.SimpleReloadInstance.lambda$new$3(SimpleReloadInstance.java:86) ~[neoforge-21.1.35.jar%23189!/:?]
	at TRANSFORMER/minecraft@1.21.1/net.minecraft.util.thread.BlockableEventLoop.doRunTask(BlockableEventLoop.java:151) ~[neoforge-21.1.35.jar%23189!/:?]
	at TRANSFORMER/minecraft@1.21.1/net.minecraft.util.thread.ReentrantBlockableEventLoop.doRunTask(ReentrantBlockableEventLoop.java:24) ~[neoforge-21.1.35.jar%23189!/:?]
	at TRANSFORMER/minecraft@1.21.1/net.minecraft.util.thread.BlockableEventLoop.pollTask(BlockableEventLoop.java:122) ~[neoforge-21.1.35.jar%23189!/:?]
	at TRANSFORMER/minecraft@1.21.1/net.minecraft.util.thread.BlockableEventLoop.managedBlock(BlockableEventLoop.java:135) ~[neoforge-21.1.35.jar%23189!/:?]
	at TRANSFORMER/minecraft@1.21.1/net.minecraft.client.gui.screens.worldselection.WorldOpenFlows.loadWorldDataBlocking(WorldOpenFlows.java:201) ~[neoforge-21.1.35.jar%23189!/:?]
	at TRANSFORMER/minecraft@1.21.1/net.minecraft.client.gui.screens.worldselection.WorldOpenFlows.loadWorldStem(WorldOpenFlows.java:142) ~[neoforge-21.1.35.jar%23189!/:?]
	at TRANSFORMER/minecraft@1.21.1/net.minecraft.client.gui.screens.worldselection.WorldOpenFlows.openWorldLoadLevelStem(WorldOpenFlows.java:345) ~[neoforge-21.1.35.jar%23189!/:?]
	at TRANSFORMER/minecraft@1.21.1/net.minecraft.client.gui.screens.worldselection.WorldOpenFlows.openWorldCheckVersionCompatibility(WorldOpenFlows.java:334) ~[neoforge-21.1.35.jar%23189!/:?]
	at TRANSFORMER/minecraft@1.21.1/net.minecraft.client.gui.screens.worldselection.WorldOpenFlows.openWorldLoadLevelData(WorldOpenFlows.java:296) ~[neoforge-21.1.35.jar%23189!/:?]
	at TRANSFORMER/minecraft@1.21.1/net.minecraft.client.gui.screens.worldselection.WorldOpenFlows.openWorld(WorldOpenFlows.java:261) ~[neoforge-21.1.35.jar%23189!/:?]
	at TRANSFORMER/minecraft@1.21.1/net.minecraft.client.gui.screens.worldselection.WorldSelectionList$WorldListEntry.joinWorld(WorldSelectionList.java:516) ~[neoforge-21.1.35.jar%23189!/:?]
	at TRANSFORMER/minecraft@1.21.1/net.minecraft.client.gui.screens.worldselection.WorldSelectionList$WorldListEntry.mouseClicked(WorldSelectionList.java:499) ~[neoforge-21.1.35.jar%23189!/:?]
	at TRANSFORMER/minecraft@1.21.1/net.minecraft.client.gui.components.AbstractSelectionList.mouseClicked(AbstractSelectionList.java:303) ~[neoforge-21.1.35.jar%23189!/:?]
	at TRANSFORMER/minecraft@1.21.1/net.minecraft.client.gui.components.events.ContainerEventHandler.mouseClicked(ContainerEventHandler.java:52) ~[neoforge-21.1.35.jar%23189!/:?]
	at TRANSFORMER/minecraft@1.21.1/net.minecraft.client.MouseHandler.lambda$onPress$0(MouseHandler.java:103) ~[neoforge-21.1.35.jar%23189!/:?]
	at TRANSFORMER/minecraft@1.21.1/net.minecraft.client.gui.screens.Screen.wrapScreenError(Screen.java:469) ~[neoforge-21.1.35.jar%23189!/:?]
	at TRANSFORMER/minecraft@1.21.1/net.minecraft.client.MouseHandler.onPress(MouseHandler.java:100) ~[neoforge-21.1.35.jar%23189!/:?]
	at TRANSFORMER/minecraft@1.21.1/net.minecraft.client.MouseHandler.lambda$setup$4(MouseHandler.java:212) ~[neoforge-21.1.35.jar%23189!/:?]
	at TRANSFORMER/minecraft@1.21.1/net.minecraft.util.thread.BlockableEventLoop.execute(BlockableEventLoop.java:98) ~[neoforge-21.1.35.jar%23189!/:?]
	at TRANSFORMER/minecraft@1.21.1/net.minecraft.client.MouseHandler.lambda$setup$5(MouseHandler.java:212) ~[neoforge-21.1.35.jar%23189!/:?]
	at MC-BOOTSTRAP/org.lwjgl.glfw@3.3.3+5/org.lwjgl.glfw.GLFWMouseButtonCallbackI.callback(GLFWMouseButtonCallbackI.java:43) ~[lwjgl-glfw-3.3.3.jar%23171!/:build 5]
	at MC-BOOTSTRAP/org.lwjgl@3.3.3+5/org.lwjgl.system.JNI.invokeV(Native Method) ~[lwjgl-3.3.3.jar%23182!/:build 5]
	at MC-BOOTSTRAP/org.lwjgl.glfw@3.3.3+5/org.lwjgl.glfw.GLFW.glfwWaitEventsTimeout(GLFW.java:3509) ~[lwjgl-glfw-3.3.3.jar%23171!/:build 5]
	at TRANSFORMER/minecraft@1.21.1/com.mojang.blaze3d.systems.RenderSystem.limitDisplayFPS(RenderSystem.java:162) ~[neoforge-21.1.35.jar%23189!/:?]
	at TRANSFORMER/minecraft@1.21.1/net.minecraft.client.Minecraft.runTick(Minecraft.java:1226) ~[neoforge-21.1.35.jar%23189!/:?]
	at TRANSFORMER/minecraft@1.21.1/net.minecraft.client.Minecraft.run(Minecraft.java:813) ~[neoforge-21.1.35.jar%23189!/:?]
	at TRANSFORMER/minecraft@1.21.1/net.minecraft.client.main.Main.main(Main.java:230) ~[neoforge-21.1.35.jar%23189!/:?]
	at java.base/jdk.internal.reflect.DirectMethodHandleAccessor.invoke(DirectMethodHandleAccessor.java:103) ~[?:?]
	at java.base/java.lang.reflect.Method.invoke(Method.java:580) ~[?:?]
	at MC-BOOTSTRAP/fml_loader@4.0.24/net.neoforged.fml.loading.targets.CommonLaunchHandler.runTarget(CommonLaunchHandler.java:136) ~[loader-4.0.24.jar%23143!/:4.0]
	at MC-BOOTSTRAP/fml_loader@4.0.24/net.neoforged.fml.loading.targets.CommonLaunchHandler.clientService(CommonLaunchHandler.java:124) ~[loader-4.0.24.jar%23143!/:4.0]
	at MC-BOOTSTRAP/fml_loader@4.0.24/net.neoforged.fml.loading.targets.NeoForgeClientUserdevLaunchHandler.runService(NeoForgeClientUserdevLaunchHandler.java:23) ~[loader-4.0.24.jar%23143!/:4.0]
	at MC-BOOTSTRAP/fml_loader@4.0.24/net.neoforged.fml.loading.targets.CommonLaunchHandler.lambda$launchService$4(CommonLaunchHandler.java:118) ~[loader-4.0.24.jar%23143!/:4.0]
	at MC-BOOTSTRAP/cpw.mods.modlauncher@11.0.4/cpw.mods.modlauncher.LaunchServiceHandlerDecorator.launch(LaunchServiceHandlerDecorator.java:30) [modlauncher-11.0.4.jar%23125!/:?]
	at MC-BOOTSTRAP/cpw.mods.modlauncher@11.0.4/cpw.mods.modlauncher.LaunchServiceHandler.launch(LaunchServiceHandler.java:53) [modlauncher-11.0.4.jar%23125!/:?]
	at MC-BOOTSTRAP/cpw.mods.modlauncher@11.0.4/cpw.mods.modlauncher.LaunchServiceHandler.launch(LaunchServiceHandler.java:71) [modlauncher-11.0.4.jar%23125!/:?]
	at MC-BOOTSTRAP/cpw.mods.modlauncher@11.0.4/cpw.mods.modlauncher.Launcher.run(Launcher.java:103) [modlauncher-11.0.4.jar%23125!/:?]
	at MC-BOOTSTRAP/cpw.mods.modlauncher@11.0.4/cpw.mods.modlauncher.Launcher.main(Launcher.java:74) [modlauncher-11.0.4.jar%23125!/:?]
	at MC-BOOTSTRAP/cpw.mods.modlauncher@11.0.4/cpw.mods.modlauncher.BootstrapLaunchConsumer.accept(BootstrapLaunchConsumer.java:26) [modlauncher-11.0.4.jar%23125!/:?]
	at MC-BOOTSTRAP/cpw.mods.modlauncher@11.0.4/cpw.mods.modlauncher.BootstrapLaunchConsumer.accept(BootstrapLaunchConsumer.java:23) [modlauncher-11.0.4.jar%23125!/:?]
	at cpw.mods.bootstraplauncher@2.0.2/cpw.mods.bootstraplauncher.BootstrapLauncher.run(BootstrapLauncher.java:210) [bootstraplauncher-2.0.2.jar:?]
	at cpw.mods.bootstraplauncher@2.0.2/cpw.mods.bootstraplauncher.BootstrapLauncher.main(BootstrapLauncher.java:69) [bootstraplauncher-2.0.2.jar:?]
[28Sep2024 12:42:56.307] [Render thread/ERROR] [net.minecraft.world.item.crafting.RecipeManager/]: Parsing error loading recipe everythingcopper:bee_conversion/chipped_oxidized_copper_anvil_repair
com.google.gson.JsonParseException: Unknown registry key in ResourceKey[minecraft:root / neoforge:condition_codecs]: productivebees:bee_exists
	at MC-BOOTSTRAP/datafixerupper@8.0.16/com.mojang.serialization.DataResult$Error.getOrThrow(DataResult.java:287) ~[datafixerupper-8.0.16.jar%23118!/:?]
	at TRANSFORMER/minecraft@1.21.1/net.minecraft.world.item.crafting.RecipeManager.apply(RecipeManager.java:60) ~[neoforge-21.1.35.jar%23189!/:?]
	at TRANSFORMER/minecraft@1.21.1/net.minecraft.world.item.crafting.RecipeManager.apply(RecipeManager.java:36) ~[neoforge-21.1.35.jar%23189!/:?]
	at TRANSFORMER/minecraft@1.21.1/net.minecraft.server.packs.resources.SimplePreparableReloadListener.lambda$reload$1(SimplePreparableReloadListener.java:19) ~[neoforge-21.1.35.jar%23189!/:?]
	at java.base/java.util.concurrent.CompletableFuture$UniAccept.tryFire(CompletableFuture.java:718) ~[?:?]
	at java.base/java.util.concurrent.CompletableFuture$Completion.run(CompletableFuture.java:482) ~[?:?]
	at TRANSFORMER/minecraft@1.21.1/net.minecraft.server.packs.resources.SimpleReloadInstance.lambda$new$3(SimpleReloadInstance.java:86) ~[neoforge-21.1.35.jar%23189!/:?]
	at TRANSFORMER/minecraft@1.21.1/net.minecraft.util.thread.BlockableEventLoop.doRunTask(BlockableEventLoop.java:151) ~[neoforge-21.1.35.jar%23189!/:?]
	at TRANSFORMER/minecraft@1.21.1/net.minecraft.util.thread.ReentrantBlockableEventLoop.doRunTask(ReentrantBlockableEventLoop.java:24) ~[neoforge-21.1.35.jar%23189!/:?]
	at TRANSFORMER/minecraft@1.21.1/net.minecraft.util.thread.BlockableEventLoop.pollTask(BlockableEventLoop.java:122) ~[neoforge-21.1.35.jar%23189!/:?]
	at TRANSFORMER/minecraft@1.21.1/net.minecraft.util.thread.BlockableEventLoop.managedBlock(BlockableEventLoop.java:135) ~[neoforge-21.1.35.jar%23189!/:?]
	at TRANSFORMER/minecraft@1.21.1/net.minecraft.client.gui.screens.worldselection.WorldOpenFlows.loadWorldDataBlocking(WorldOpenFlows.java:201) ~[neoforge-21.1.35.jar%23189!/:?]
	at TRANSFORMER/minecraft@1.21.1/net.minecraft.client.gui.screens.worldselection.WorldOpenFlows.loadWorldStem(WorldOpenFlows.java:142) ~[neoforge-21.1.35.jar%23189!/:?]
	at TRANSFORMER/minecraft@1.21.1/net.minecraft.client.gui.screens.worldselection.WorldOpenFlows.openWorldLoadLevelStem(WorldOpenFlows.java:345) ~[neoforge-21.1.35.jar%23189!/:?]
	at TRANSFORMER/minecraft@1.21.1/net.minecraft.client.gui.screens.worldselection.WorldOpenFlows.openWorldCheckVersionCompatibility(WorldOpenFlows.java:334) ~[neoforge-21.1.35.jar%23189!/:?]
	at TRANSFORMER/minecraft@1.21.1/net.minecraft.client.gui.screens.worldselection.WorldOpenFlows.openWorldLoadLevelData(WorldOpenFlows.java:296) ~[neoforge-21.1.35.jar%23189!/:?]
	at TRANSFORMER/minecraft@1.21.1/net.minecraft.client.gui.screens.worldselection.WorldOpenFlows.openWorld(WorldOpenFlows.java:261) ~[neoforge-21.1.35.jar%23189!/:?]
	at TRANSFORMER/minecraft@1.21.1/net.minecraft.client.gui.screens.worldselection.WorldSelectionList$WorldListEntry.joinWorld(WorldSelectionList.java:516) ~[neoforge-21.1.35.jar%23189!/:?]
	at TRANSFORMER/minecraft@1.21.1/net.minecraft.client.gui.screens.worldselection.WorldSelectionList$WorldListEntry.mouseClicked(WorldSelectionList.java:499) ~[neoforge-21.1.35.jar%23189!/:?]
	at TRANSFORMER/minecraft@1.21.1/net.minecraft.client.gui.components.AbstractSelectionList.mouseClicked(AbstractSelectionList.java:303) ~[neoforge-21.1.35.jar%23189!/:?]
	at TRANSFORMER/minecraft@1.21.1/net.minecraft.client.gui.components.events.ContainerEventHandler.mouseClicked(ContainerEventHandler.java:52) ~[neoforge-21.1.35.jar%23189!/:?]
	at TRANSFORMER/minecraft@1.21.1/net.minecraft.client.MouseHandler.lambda$onPress$0(MouseHandler.java:103) ~[neoforge-21.1.35.jar%23189!/:?]
	at TRANSFORMER/minecraft@1.21.1/net.minecraft.client.gui.screens.Screen.wrapScreenError(Screen.java:469) ~[neoforge-21.1.35.jar%23189!/:?]
	at TRANSFORMER/minecraft@1.21.1/net.minecraft.client.MouseHandler.onPress(MouseHandler.java:100) ~[neoforge-21.1.35.jar%23189!/:?]
	at TRANSFORMER/minecraft@1.21.1/net.minecraft.client.MouseHandler.lambda$setup$4(MouseHandler.java:212) ~[neoforge-21.1.35.jar%23189!/:?]
	at TRANSFORMER/minecraft@1.21.1/net.minecraft.util.thread.BlockableEventLoop.execute(BlockableEventLoop.java:98) ~[neoforge-21.1.35.jar%23189!/:?]
	at TRANSFORMER/minecraft@1.21.1/net.minecraft.client.MouseHandler.lambda$setup$5(MouseHandler.java:212) ~[neoforge-21.1.35.jar%23189!/:?]
	at MC-BOOTSTRAP/org.lwjgl.glfw@3.3.3+5/org.lwjgl.glfw.GLFWMouseButtonCallbackI.callback(GLFWMouseButtonCallbackI.java:43) ~[lwjgl-glfw-3.3.3.jar%23171!/:build 5]
	at MC-BOOTSTRAP/org.lwjgl@3.3.3+5/org.lwjgl.system.JNI.invokeV(Native Method) ~[lwjgl-3.3.3.jar%23182!/:build 5]
	at MC-BOOTSTRAP/org.lwjgl.glfw@3.3.3+5/org.lwjgl.glfw.GLFW.glfwWaitEventsTimeout(GLFW.java:3509) ~[lwjgl-glfw-3.3.3.jar%23171!/:build 5]
	at TRANSFORMER/minecraft@1.21.1/com.mojang.blaze3d.systems.RenderSystem.limitDisplayFPS(RenderSystem.java:162) ~[neoforge-21.1.35.jar%23189!/:?]
	at TRANSFORMER/minecraft@1.21.1/net.minecraft.client.Minecraft.runTick(Minecraft.java:1226) ~[neoforge-21.1.35.jar%23189!/:?]
	at TRANSFORMER/minecraft@1.21.1/net.minecraft.client.Minecraft.run(Minecraft.java:813) ~[neoforge-21.1.35.jar%23189!/:?]
	at TRANSFORMER/minecraft@1.21.1/net.minecraft.client.main.Main.main(Main.java:230) ~[neoforge-21.1.35.jar%23189!/:?]
	at java.base/jdk.internal.reflect.DirectMethodHandleAccessor.invoke(DirectMethodHandleAccessor.java:103) ~[?:?]
	at java.base/java.lang.reflect.Method.invoke(Method.java:580) ~[?:?]
	at MC-BOOTSTRAP/fml_loader@4.0.24/net.neoforged.fml.loading.targets.CommonLaunchHandler.runTarget(CommonLaunchHandler.java:136) ~[loader-4.0.24.jar%23143!/:4.0]
	at MC-BOOTSTRAP/fml_loader@4.0.24/net.neoforged.fml.loading.targets.CommonLaunchHandler.clientService(CommonLaunchHandler.java:124) ~[loader-4.0.24.jar%23143!/:4.0]
	at MC-BOOTSTRAP/fml_loader@4.0.24/net.neoforged.fml.loading.targets.NeoForgeClientUserdevLaunchHandler.runService(NeoForgeClientUserdevLaunchHandler.java:23) ~[loader-4.0.24.jar%23143!/:4.0]
	at MC-BOOTSTRAP/fml_loader@4.0.24/net.neoforged.fml.loading.targets.CommonLaunchHandler.lambda$launchService$4(CommonLaunchHandler.java:118) ~[loader-4.0.24.jar%23143!/:4.0]
	at MC-BOOTSTRAP/cpw.mods.modlauncher@11.0.4/cpw.mods.modlauncher.LaunchServiceHandlerDecorator.launch(LaunchServiceHandlerDecorator.java:30) [modlauncher-11.0.4.jar%23125!/:?]
	at MC-BOOTSTRAP/cpw.mods.modlauncher@11.0.4/cpw.mods.modlauncher.LaunchServiceHandler.launch(LaunchServiceHandler.java:53) [modlauncher-11.0.4.jar%23125!/:?]
	at MC-BOOTSTRAP/cpw.mods.modlauncher@11.0.4/cpw.mods.modlauncher.LaunchServiceHandler.launch(LaunchServiceHandler.java:71) [modlauncher-11.0.4.jar%23125!/:?]
	at MC-BOOTSTRAP/cpw.mods.modlauncher@11.0.4/cpw.mods.modlauncher.Launcher.run(Launcher.java:103) [modlauncher-11.0.4.jar%23125!/:?]
	at MC-BOOTSTRAP/cpw.mods.modlauncher@11.0.4/cpw.mods.modlauncher.Launcher.main(Launcher.java:74) [modlauncher-11.0.4.jar%23125!/:?]
	at MC-BOOTSTRAP/cpw.mods.modlauncher@11.0.4/cpw.mods.modlauncher.BootstrapLaunchConsumer.accept(BootstrapLaunchConsumer.java:26) [modlauncher-11.0.4.jar%23125!/:?]
	at MC-BOOTSTRAP/cpw.mods.modlauncher@11.0.4/cpw.mods.modlauncher.BootstrapLaunchConsumer.accept(BootstrapLaunchConsumer.java:23) [modlauncher-11.0.4.jar%23125!/:?]
	at cpw.mods.bootstraplauncher@2.0.2/cpw.mods.bootstraplauncher.BootstrapLauncher.run(BootstrapLauncher.java:210) [bootstraplauncher-2.0.2.jar:?]
	at cpw.mods.bootstraplauncher@2.0.2/cpw.mods.bootstraplauncher.BootstrapLauncher.main(BootstrapLauncher.java:69) [bootstraplauncher-2.0.2.jar:?]
[28Sep2024 12:42:56.315] [Render thread/ERROR] [net.minecraft.world.item.crafting.RecipeManager/]: Parsing error loading recipe everythingcopper:bee_conversion/chipped_copper_anvil_repair
com.google.gson.JsonParseException: Unknown registry key in ResourceKey[minecraft:root / neoforge:condition_codecs]: productivebees:bee_exists
	at MC-BOOTSTRAP/datafixerupper@8.0.16/com.mojang.serialization.DataResult$Error.getOrThrow(DataResult.java:287) ~[datafixerupper-8.0.16.jar%23118!/:?]
	at TRANSFORMER/minecraft@1.21.1/net.minecraft.world.item.crafting.RecipeManager.apply(RecipeManager.java:60) ~[neoforge-21.1.35.jar%23189!/:?]
	at TRANSFORMER/minecraft@1.21.1/net.minecraft.world.item.crafting.RecipeManager.apply(RecipeManager.java:36) ~[neoforge-21.1.35.jar%23189!/:?]
	at TRANSFORMER/minecraft@1.21.1/net.minecraft.server.packs.resources.SimplePreparableReloadListener.lambda$reload$1(SimplePreparableReloadListener.java:19) ~[neoforge-21.1.35.jar%23189!/:?]
	at java.base/java.util.concurrent.CompletableFuture$UniAccept.tryFire(CompletableFuture.java:718) ~[?:?]
	at java.base/java.util.concurrent.CompletableFuture$Completion.run(CompletableFuture.java:482) ~[?:?]
	at TRANSFORMER/minecraft@1.21.1/net.minecraft.server.packs.resources.SimpleReloadInstance.lambda$new$3(SimpleReloadInstance.java:86) ~[neoforge-21.1.35.jar%23189!/:?]
	at TRANSFORMER/minecraft@1.21.1/net.minecraft.util.thread.BlockableEventLoop.doRunTask(BlockableEventLoop.java:151) ~[neoforge-21.1.35.jar%23189!/:?]
	at TRANSFORMER/minecraft@1.21.1/net.minecraft.util.thread.ReentrantBlockableEventLoop.doRunTask(ReentrantBlockableEventLoop.java:24) ~[neoforge-21.1.35.jar%23189!/:?]
	at TRANSFORMER/minecraft@1.21.1/net.minecraft.util.thread.BlockableEventLoop.pollTask(BlockableEventLoop.java:122) ~[neoforge-21.1.35.jar%23189!/:?]
	at TRANSFORMER/minecraft@1.21.1/net.minecraft.util.thread.BlockableEventLoop.managedBlock(BlockableEventLoop.java:135) ~[neoforge-21.1.35.jar%23189!/:?]
	at TRANSFORMER/minecraft@1.21.1/net.minecraft.client.gui.screens.worldselection.WorldOpenFlows.loadWorldDataBlocking(WorldOpenFlows.java:201) ~[neoforge-21.1.35.jar%23189!/:?]
	at TRANSFORMER/minecraft@1.21.1/net.minecraft.client.gui.screens.worldselection.WorldOpenFlows.loadWorldStem(WorldOpenFlows.java:142) ~[neoforge-21.1.35.jar%23189!/:?]
	at TRANSFORMER/minecraft@1.21.1/net.minecraft.client.gui.screens.worldselection.WorldOpenFlows.openWorldLoadLevelStem(WorldOpenFlows.java:345) ~[neoforge-21.1.35.jar%23189!/:?]
	at TRANSFORMER/minecraft@1.21.1/net.minecraft.client.gui.screens.worldselection.WorldOpenFlows.openWorldCheckVersionCompatibility(WorldOpenFlows.java:334) ~[neoforge-21.1.35.jar%23189!/:?]
	at TRANSFORMER/minecraft@1.21.1/net.minecraft.client.gui.screens.worldselection.WorldOpenFlows.openWorldLoadLevelData(WorldOpenFlows.java:296) ~[neoforge-21.1.35.jar%23189!/:?]
	at TRANSFORMER/minecraft@1.21.1/net.minecraft.client.gui.screens.worldselection.WorldOpenFlows.openWorld(WorldOpenFlows.java:261) ~[neoforge-21.1.35.jar%23189!/:?]
	at TRANSFORMER/minecraft@1.21.1/net.minecraft.client.gui.screens.worldselection.WorldSelectionList$WorldListEntry.joinWorld(WorldSelectionList.java:516) ~[neoforge-21.1.35.jar%23189!/:?]
	at TRANSFORMER/minecraft@1.21.1/net.minecraft.client.gui.screens.worldselection.WorldSelectionList$WorldListEntry.mouseClicked(WorldSelectionList.java:499) ~[neoforge-21.1.35.jar%23189!/:?]
	at TRANSFORMER/minecraft@1.21.1/net.minecraft.client.gui.components.AbstractSelectionList.mouseClicked(AbstractSelectionList.java:303) ~[neoforge-21.1.35.jar%23189!/:?]
	at TRANSFORMER/minecraft@1.21.1/net.minecraft.client.gui.components.events.ContainerEventHandler.mouseClicked(ContainerEventHandler.java:52) ~[neoforge-21.1.35.jar%23189!/:?]
	at TRANSFORMER/minecraft@1.21.1/net.minecraft.client.MouseHandler.lambda$onPress$0(MouseHandler.java:103) ~[neoforge-21.1.35.jar%23189!/:?]
	at TRANSFORMER/minecraft@1.21.1/net.minecraft.client.gui.screens.Screen.wrapScreenError(Screen.java:469) ~[neoforge-21.1.35.jar%23189!/:?]
	at TRANSFORMER/minecraft@1.21.1/net.minecraft.client.MouseHandler.onPress(MouseHandler.java:100) ~[neoforge-21.1.35.jar%23189!/:?]
	at TRANSFORMER/minecraft@1.21.1/net.minecraft.client.MouseHandler.lambda$setup$4(MouseHandler.java:212) ~[neoforge-21.1.35.jar%23189!/:?]
	at TRANSFORMER/minecraft@1.21.1/net.minecraft.util.thread.BlockableEventLoop.execute(BlockableEventLoop.java:98) ~[neoforge-21.1.35.jar%23189!/:?]
	at TRANSFORMER/minecraft@1.21.1/net.minecraft.client.MouseHandler.lambda$setup$5(MouseHandler.java:212) ~[neoforge-21.1.35.jar%23189!/:?]
	at MC-BOOTSTRAP/org.lwjgl.glfw@3.3.3+5/org.lwjgl.glfw.GLFWMouseButtonCallbackI.callback(GLFWMouseButtonCallbackI.java:43) ~[lwjgl-glfw-3.3.3.jar%23171!/:build 5]
	at MC-BOOTSTRAP/org.lwjgl@3.3.3+5/org.lwjgl.system.JNI.invokeV(Native Method) ~[lwjgl-3.3.3.jar%23182!/:build 5]
	at MC-BOOTSTRAP/org.lwjgl.glfw@3.3.3+5/org.lwjgl.glfw.GLFW.glfwWaitEventsTimeout(GLFW.java:3509) ~[lwjgl-glfw-3.3.3.jar%23171!/:build 5]
	at TRANSFORMER/minecraft@1.21.1/com.mojang.blaze3d.systems.RenderSystem.limitDisplayFPS(RenderSystem.java:162) ~[neoforge-21.1.35.jar%23189!/:?]
	at TRANSFORMER/minecraft@1.21.1/net.minecraft.client.Minecraft.runTick(Minecraft.java:1226) ~[neoforge-21.1.35.jar%23189!/:?]
	at TRANSFORMER/minecraft@1.21.1/net.minecraft.client.Minecraft.run(Minecraft.java:813) ~[neoforge-21.1.35.jar%23189!/:?]
	at TRANSFORMER/minecraft@1.21.1/net.minecraft.client.main.Main.main(Main.java:230) ~[neoforge-21.1.35.jar%23189!/:?]
	at java.base/jdk.internal.reflect.DirectMethodHandleAccessor.invoke(DirectMethodHandleAccessor.java:103) ~[?:?]
	at java.base/java.lang.reflect.Method.invoke(Method.java:580) ~[?:?]
	at MC-BOOTSTRAP/fml_loader@4.0.24/net.neoforged.fml.loading.targets.CommonLaunchHandler.runTarget(CommonLaunchHandler.java:136) ~[loader-4.0.24.jar%23143!/:4.0]
	at MC-BOOTSTRAP/fml_loader@4.0.24/net.neoforged.fml.loading.targets.CommonLaunchHandler.clientService(CommonLaunchHandler.java:124) ~[loader-4.0.24.jar%23143!/:4.0]
	at MC-BOOTSTRAP/fml_loader@4.0.24/net.neoforged.fml.loading.targets.NeoForgeClientUserdevLaunchHandler.runService(NeoForgeClientUserdevLaunchHandler.java:23) ~[loader-4.0.24.jar%23143!/:4.0]
	at MC-BOOTSTRAP/fml_loader@4.0.24/net.neoforged.fml.loading.targets.CommonLaunchHandler.lambda$launchService$4(CommonLaunchHandler.java:118) ~[loader-4.0.24.jar%23143!/:4.0]
	at MC-BOOTSTRAP/cpw.mods.modlauncher@11.0.4/cpw.mods.modlauncher.LaunchServiceHandlerDecorator.launch(LaunchServiceHandlerDecorator.java:30) [modlauncher-11.0.4.jar%23125!/:?]
	at MC-BOOTSTRAP/cpw.mods.modlauncher@11.0.4/cpw.mods.modlauncher.LaunchServiceHandler.launch(LaunchServiceHandler.java:53) [modlauncher-11.0.4.jar%23125!/:?]
	at MC-BOOTSTRAP/cpw.mods.modlauncher@11.0.4/cpw.mods.modlauncher.LaunchServiceHandler.launch(LaunchServiceHandler.java:71) [modlauncher-11.0.4.jar%23125!/:?]
	at MC-BOOTSTRAP/cpw.mods.modlauncher@11.0.4/cpw.mods.modlauncher.Launcher.run(Launcher.java:103) [modlauncher-11.0.4.jar%23125!/:?]
	at MC-BOOTSTRAP/cpw.mods.modlauncher@11.0.4/cpw.mods.modlauncher.Launcher.main(Launcher.java:74) [modlauncher-11.0.4.jar%23125!/:?]
	at MC-BOOTSTRAP/cpw.mods.modlauncher@11.0.4/cpw.mods.modlauncher.BootstrapLaunchConsumer.accept(BootstrapLaunchConsumer.java:26) [modlauncher-11.0.4.jar%23125!/:?]
	at MC-BOOTSTRAP/cpw.mods.modlauncher@11.0.4/cpw.mods.modlauncher.BootstrapLaunchConsumer.accept(BootstrapLaunchConsumer.java:23) [modlauncher-11.0.4.jar%23125!/:?]
	at cpw.mods.bootstraplauncher@2.0.2/cpw.mods.bootstraplauncher.BootstrapLauncher.run(BootstrapLauncher.java:210) [bootstraplauncher-2.0.2.jar:?]
	at cpw.mods.bootstraplauncher@2.0.2/cpw.mods.bootstraplauncher.BootstrapLauncher.main(BootstrapLauncher.java:69) [bootstraplauncher-2.0.2.jar:?]
[28Sep2024 12:42:56.340] [Render thread/ERROR] [net.minecraft.world.item.crafting.RecipeManager/]: Parsing error loading recipe everythingcopper:bee_conversion/waxed_oxidized_copper_anvil_repair
com.google.gson.JsonParseException: Unknown registry key in ResourceKey[minecraft:root / neoforge:condition_codecs]: productivebees:bee_exists
	at MC-BOOTSTRAP/datafixerupper@8.0.16/com.mojang.serialization.DataResult$Error.getOrThrow(DataResult.java:287) ~[datafixerupper-8.0.16.jar%23118!/:?]
	at TRANSFORMER/minecraft@1.21.1/net.minecraft.world.item.crafting.RecipeManager.apply(RecipeManager.java:60) ~[neoforge-21.1.35.jar%23189!/:?]
	at TRANSFORMER/minecraft@1.21.1/net.minecraft.world.item.crafting.RecipeManager.apply(RecipeManager.java:36) ~[neoforge-21.1.35.jar%23189!/:?]
	at TRANSFORMER/minecraft@1.21.1/net.minecraft.server.packs.resources.SimplePreparableReloadListener.lambda$reload$1(SimplePreparableReloadListener.java:19) ~[neoforge-21.1.35.jar%23189!/:?]
	at java.base/java.util.concurrent.CompletableFuture$UniAccept.tryFire(CompletableFuture.java:718) ~[?:?]
	at java.base/java.util.concurrent.CompletableFuture$Completion.run(CompletableFuture.java:482) ~[?:?]
	at TRANSFORMER/minecraft@1.21.1/net.minecraft.server.packs.resources.SimpleReloadInstance.lambda$new$3(SimpleReloadInstance.java:86) ~[neoforge-21.1.35.jar%23189!/:?]
	at TRANSFORMER/minecraft@1.21.1/net.minecraft.util.thread.BlockableEventLoop.doRunTask(BlockableEventLoop.java:151) ~[neoforge-21.1.35.jar%23189!/:?]
	at TRANSFORMER/minecraft@1.21.1/net.minecraft.util.thread.ReentrantBlockableEventLoop.doRunTask(ReentrantBlockableEventLoop.java:24) ~[neoforge-21.1.35.jar%23189!/:?]
	at TRANSFORMER/minecraft@1.21.1/net.minecraft.util.thread.BlockableEventLoop.pollTask(BlockableEventLoop.java:122) ~[neoforge-21.1.35.jar%23189!/:?]
	at TRANSFORMER/minecraft@1.21.1/net.minecraft.util.thread.BlockableEventLoop.managedBlock(BlockableEventLoop.java:135) ~[neoforge-21.1.35.jar%23189!/:?]
	at TRANSFORMER/minecraft@1.21.1/net.minecraft.client.gui.screens.worldselection.WorldOpenFlows.loadWorldDataBlocking(WorldOpenFlows.java:201) ~[neoforge-21.1.35.jar%23189!/:?]
	at TRANSFORMER/minecraft@1.21.1/net.minecraft.client.gui.screens.worldselection.WorldOpenFlows.loadWorldStem(WorldOpenFlows.java:142) ~[neoforge-21.1.35.jar%23189!/:?]
	at TRANSFORMER/minecraft@1.21.1/net.minecraft.client.gui.screens.worldselection.WorldOpenFlows.openWorldLoadLevelStem(WorldOpenFlows.java:345) ~[neoforge-21.1.35.jar%23189!/:?]
	at TRANSFORMER/minecraft@1.21.1/net.minecraft.client.gui.screens.worldselection.WorldOpenFlows.openWorldCheckVersionCompatibility(WorldOpenFlows.java:334) ~[neoforge-21.1.35.jar%23189!/:?]
	at TRANSFORMER/minecraft@1.21.1/net.minecraft.client.gui.screens.worldselection.WorldOpenFlows.openWorldLoadLevelData(WorldOpenFlows.java:296) ~[neoforge-21.1.35.jar%23189!/:?]
	at TRANSFORMER/minecraft@1.21.1/net.minecraft.client.gui.screens.worldselection.WorldOpenFlows.openWorld(WorldOpenFlows.java:261) ~[neoforge-21.1.35.jar%23189!/:?]
	at TRANSFORMER/minecraft@1.21.1/net.minecraft.client.gui.screens.worldselection.WorldSelectionList$WorldListEntry.joinWorld(WorldSelectionList.java:516) ~[neoforge-21.1.35.jar%23189!/:?]
	at TRANSFORMER/minecraft@1.21.1/net.minecraft.client.gui.screens.worldselection.WorldSelectionList$WorldListEntry.mouseClicked(WorldSelectionList.java:499) ~[neoforge-21.1.35.jar%23189!/:?]
	at TRANSFORMER/minecraft@1.21.1/net.minecraft.client.gui.components.AbstractSelectionList.mouseClicked(AbstractSelectionList.java:303) ~[neoforge-21.1.35.jar%23189!/:?]
	at TRANSFORMER/minecraft@1.21.1/net.minecraft.client.gui.components.events.ContainerEventHandler.mouseClicked(ContainerEventHandler.java:52) ~[neoforge-21.1.35.jar%23189!/:?]
	at TRANSFORMER/minecraft@1.21.1/net.minecraft.client.MouseHandler.lambda$onPress$0(MouseHandler.java:103) ~[neoforge-21.1.35.jar%23189!/:?]
	at TRANSFORMER/minecraft@1.21.1/net.minecraft.client.gui.screens.Screen.wrapScreenError(Screen.java:469) ~[neoforge-21.1.35.jar%23189!/:?]
	at TRANSFORMER/minecraft@1.21.1/net.minecraft.client.MouseHandler.onPress(MouseHandler.java:100) ~[neoforge-21.1.35.jar%23189!/:?]
	at TRANSFORMER/minecraft@1.21.1/net.minecraft.client.MouseHandler.lambda$setup$4(MouseHandler.java:212) ~[neoforge-21.1.35.jar%23189!/:?]
	at TRANSFORMER/minecraft@1.21.1/net.minecraft.util.thread.BlockableEventLoop.execute(BlockableEventLoop.java:98) ~[neoforge-21.1.35.jar%23189!/:?]
	at TRANSFORMER/minecraft@1.21.1/net.minecraft.client.MouseHandler.lambda$setup$5(MouseHandler.java:212) ~[neoforge-21.1.35.jar%23189!/:?]
	at MC-BOOTSTRAP/org.lwjgl.glfw@3.3.3+5/org.lwjgl.glfw.GLFWMouseButtonCallbackI.callback(GLFWMouseButtonCallbackI.java:43) ~[lwjgl-glfw-3.3.3.jar%23171!/:build 5]
	at MC-BOOTSTRAP/org.lwjgl@3.3.3+5/org.lwjgl.system.JNI.invokeV(Native Method) ~[lwjgl-3.3.3.jar%23182!/:build 5]
	at MC-BOOTSTRAP/org.lwjgl.glfw@3.3.3+5/org.lwjgl.glfw.GLFW.glfwWaitEventsTimeout(GLFW.java:3509) ~[lwjgl-glfw-3.3.3.jar%23171!/:build 5]
	at TRANSFORMER/minecraft@1.21.1/com.mojang.blaze3d.systems.RenderSystem.limitDisplayFPS(RenderSystem.java:162) ~[neoforge-21.1.35.jar%23189!/:?]
	at TRANSFORMER/minecraft@1.21.1/net.minecraft.client.Minecraft.runTick(Minecraft.java:1226) ~[neoforge-21.1.35.jar%23189!/:?]
	at TRANSFORMER/minecraft@1.21.1/net.minecraft.client.Minecraft.run(Minecraft.java:813) ~[neoforge-21.1.35.jar%23189!/:?]
	at TRANSFORMER/minecraft@1.21.1/net.minecraft.client.main.Main.main(Main.java:230) ~[neoforge-21.1.35.jar%23189!/:?]
	at java.base/jdk.internal.reflect.DirectMethodHandleAccessor.invoke(DirectMethodHandleAccessor.java:103) ~[?:?]
	at java.base/java.lang.reflect.Method.invoke(Method.java:580) ~[?:?]
	at MC-BOOTSTRAP/fml_loader@4.0.24/net.neoforged.fml.loading.targets.CommonLaunchHandler.runTarget(CommonLaunchHandler.java:136) ~[loader-4.0.24.jar%23143!/:4.0]
	at MC-BOOTSTRAP/fml_loader@4.0.24/net.neoforged.fml.loading.targets.CommonLaunchHandler.clientService(CommonLaunchHandler.java:124) ~[loader-4.0.24.jar%23143!/:4.0]
	at MC-BOOTSTRAP/fml_loader@4.0.24/net.neoforged.fml.loading.targets.NeoForgeClientUserdevLaunchHandler.runService(NeoForgeClientUserdevLaunchHandler.java:23) ~[loader-4.0.24.jar%23143!/:4.0]
	at MC-BOOTSTRAP/fml_loader@4.0.24/net.neoforged.fml.loading.targets.CommonLaunchHandler.lambda$launchService$4(CommonLaunchHandler.java:118) ~[loader-4.0.24.jar%23143!/:4.0]
	at MC-BOOTSTRAP/cpw.mods.modlauncher@11.0.4/cpw.mods.modlauncher.LaunchServiceHandlerDecorator.launch(LaunchServiceHandlerDecorator.java:30) [modlauncher-11.0.4.jar%23125!/:?]
	at MC-BOOTSTRAP/cpw.mods.modlauncher@11.0.4/cpw.mods.modlauncher.LaunchServiceHandler.launch(LaunchServiceHandler.java:53) [modlauncher-11.0.4.jar%23125!/:?]
	at MC-BOOTSTRAP/cpw.mods.modlauncher@11.0.4/cpw.mods.modlauncher.LaunchServiceHandler.launch(LaunchServiceHandler.java:71) [modlauncher-11.0.4.jar%23125!/:?]
	at MC-BOOTSTRAP/cpw.mods.modlauncher@11.0.4/cpw.mods.modlauncher.Launcher.run(Launcher.java:103) [modlauncher-11.0.4.jar%23125!/:?]
	at MC-BOOTSTRAP/cpw.mods.modlauncher@11.0.4/cpw.mods.modlauncher.Launcher.main(Launcher.java:74) [modlauncher-11.0.4.jar%23125!/:?]
	at MC-BOOTSTRAP/cpw.mods.modlauncher@11.0.4/cpw.mods.modlauncher.BootstrapLaunchConsumer.accept(BootstrapLaunchConsumer.java:26) [modlauncher-11.0.4.jar%23125!/:?]
	at MC-BOOTSTRAP/cpw.mods.modlauncher@11.0.4/cpw.mods.modlauncher.BootstrapLaunchConsumer.accept(BootstrapLaunchConsumer.java:23) [modlauncher-11.0.4.jar%23125!/:?]
	at cpw.mods.bootstraplauncher@2.0.2/cpw.mods.bootstraplauncher.BootstrapLauncher.run(BootstrapLauncher.java:210) [bootstraplauncher-2.0.2.jar:?]
	at cpw.mods.bootstraplauncher@2.0.2/cpw.mods.bootstraplauncher.BootstrapLauncher.main(BootstrapLauncher.java:69) [bootstraplauncher-2.0.2.jar:?]
[28Sep2024 12:42:56.355] [Render thread/ERROR] [net.minecraft.world.item.crafting.RecipeManager/]: Parsing error loading recipe everythingcopper:bee_conversion/waxed_weathered_copper_anvil_repair
com.google.gson.JsonParseException: Unknown registry key in ResourceKey[minecraft:root / neoforge:condition_codecs]: productivebees:bee_exists
	at MC-BOOTSTRAP/datafixerupper@8.0.16/com.mojang.serialization.DataResult$Error.getOrThrow(DataResult.java:287) ~[datafixerupper-8.0.16.jar%23118!/:?]
	at TRANSFORMER/minecraft@1.21.1/net.minecraft.world.item.crafting.RecipeManager.apply(RecipeManager.java:60) ~[neoforge-21.1.35.jar%23189!/:?]
	at TRANSFORMER/minecraft@1.21.1/net.minecraft.world.item.crafting.RecipeManager.apply(RecipeManager.java:36) ~[neoforge-21.1.35.jar%23189!/:?]
	at TRANSFORMER/minecraft@1.21.1/net.minecraft.server.packs.resources.SimplePreparableReloadListener.lambda$reload$1(SimplePreparableReloadListener.java:19) ~[neoforge-21.1.35.jar%23189!/:?]
	at java.base/java.util.concurrent.CompletableFuture$UniAccept.tryFire(CompletableFuture.java:718) ~[?:?]
	at java.base/java.util.concurrent.CompletableFuture$Completion.run(CompletableFuture.java:482) ~[?:?]
	at TRANSFORMER/minecraft@1.21.1/net.minecraft.server.packs.resources.SimpleReloadInstance.lambda$new$3(SimpleReloadInstance.java:86) ~[neoforge-21.1.35.jar%23189!/:?]
	at TRANSFORMER/minecraft@1.21.1/net.minecraft.util.thread.BlockableEventLoop.doRunTask(BlockableEventLoop.java:151) ~[neoforge-21.1.35.jar%23189!/:?]
	at TRANSFORMER/minecraft@1.21.1/net.minecraft.util.thread.ReentrantBlockableEventLoop.doRunTask(ReentrantBlockableEventLoop.java:24) ~[neoforge-21.1.35.jar%23189!/:?]
	at TRANSFORMER/minecraft@1.21.1/net.minecraft.util.thread.BlockableEventLoop.pollTask(BlockableEventLoop.java:122) ~[neoforge-21.1.35.jar%23189!/:?]
	at TRANSFORMER/minecraft@1.21.1/net.minecraft.util.thread.BlockableEventLoop.managedBlock(BlockableEventLoop.java:135) ~[neoforge-21.1.35.jar%23189!/:?]
	at TRANSFORMER/minecraft@1.21.1/net.minecraft.client.gui.screens.worldselection.WorldOpenFlows.loadWorldDataBlocking(WorldOpenFlows.java:201) ~[neoforge-21.1.35.jar%23189!/:?]
	at TRANSFORMER/minecraft@1.21.1/net.minecraft.client.gui.screens.worldselection.WorldOpenFlows.loadWorldStem(WorldOpenFlows.java:142) ~[neoforge-21.1.35.jar%23189!/:?]
	at TRANSFORMER/minecraft@1.21.1/net.minecraft.client.gui.screens.worldselection.WorldOpenFlows.openWorldLoadLevelStem(WorldOpenFlows.java:345) ~[neoforge-21.1.35.jar%23189!/:?]
	at TRANSFORMER/minecraft@1.21.1/net.minecraft.client.gui.screens.worldselection.WorldOpenFlows.openWorldCheckVersionCompatibility(WorldOpenFlows.java:334) ~[neoforge-21.1.35.jar%23189!/:?]
	at TRANSFORMER/minecraft@1.21.1/net.minecraft.client.gui.screens.worldselection.WorldOpenFlows.openWorldLoadLevelData(WorldOpenFlows.java:296) ~[neoforge-21.1.35.jar%23189!/:?]
	at TRANSFORMER/minecraft@1.21.1/net.minecraft.client.gui.screens.worldselection.WorldOpenFlows.openWorld(WorldOpenFlows.java:261) ~[neoforge-21.1.35.jar%23189!/:?]
	at TRANSFORMER/minecraft@1.21.1/net.minecraft.client.gui.screens.worldselection.WorldSelectionList$WorldListEntry.joinWorld(WorldSelectionList.java:516) ~[neoforge-21.1.35.jar%23189!/:?]
	at TRANSFORMER/minecraft@1.21.1/net.minecraft.client.gui.screens.worldselection.WorldSelectionList$WorldListEntry.mouseClicked(WorldSelectionList.java:499) ~[neoforge-21.1.35.jar%23189!/:?]
	at TRANSFORMER/minecraft@1.21.1/net.minecraft.client.gui.components.AbstractSelectionList.mouseClicked(AbstractSelectionList.java:303) ~[neoforge-21.1.35.jar%23189!/:?]
	at TRANSFORMER/minecraft@1.21.1/net.minecraft.client.gui.components.events.ContainerEventHandler.mouseClicked(ContainerEventHandler.java:52) ~[neoforge-21.1.35.jar%23189!/:?]
	at TRANSFORMER/minecraft@1.21.1/net.minecraft.client.MouseHandler.lambda$onPress$0(MouseHandler.java:103) ~[neoforge-21.1.35.jar%23189!/:?]
	at TRANSFORMER/minecraft@1.21.1/net.minecraft.client.gui.screens.Screen.wrapScreenError(Screen.java:469) ~[neoforge-21.1.35.jar%23189!/:?]
	at TRANSFORMER/minecraft@1.21.1/net.minecraft.client.MouseHandler.onPress(MouseHandler.java:100) ~[neoforge-21.1.35.jar%23189!/:?]
	at TRANSFORMER/minecraft@1.21.1/net.minecraft.client.MouseHandler.lambda$setup$4(MouseHandler.java:212) ~[neoforge-21.1.35.jar%23189!/:?]
	at TRANSFORMER/minecraft@1.21.1/net.minecraft.util.thread.BlockableEventLoop.execute(BlockableEventLoop.java:98) ~[neoforge-21.1.35.jar%23189!/:?]
	at TRANSFORMER/minecraft@1.21.1/net.minecraft.client.MouseHandler.lambda$setup$5(MouseHandler.java:212) ~[neoforge-21.1.35.jar%23189!/:?]
	at MC-BOOTSTRAP/org.lwjgl.glfw@3.3.3+5/org.lwjgl.glfw.GLFWMouseButtonCallbackI.callback(GLFWMouseButtonCallbackI.java:43) ~[lwjgl-glfw-3.3.3.jar%23171!/:build 5]
	at MC-BOOTSTRAP/org.lwjgl@3.3.3+5/org.lwjgl.system.JNI.invokeV(Native Method) ~[lwjgl-3.3.3.jar%23182!/:build 5]
	at MC-BOOTSTRAP/org.lwjgl.glfw@3.3.3+5/org.lwjgl.glfw.GLFW.glfwWaitEventsTimeout(GLFW.java:3509) ~[lwjgl-glfw-3.3.3.jar%23171!/:build 5]
	at TRANSFORMER/minecraft@1.21.1/com.mojang.blaze3d.systems.RenderSystem.limitDisplayFPS(RenderSystem.java:162) ~[neoforge-21.1.35.jar%23189!/:?]
	at TRANSFORMER/minecraft@1.21.1/net.minecraft.client.Minecraft.runTick(Minecraft.java:1226) ~[neoforge-21.1.35.jar%23189!/:?]
	at TRANSFORMER/minecraft@1.21.1/net.minecraft.client.Minecraft.run(Minecraft.java:813) ~[neoforge-21.1.35.jar%23189!/:?]
	at TRANSFORMER/minecraft@1.21.1/net.minecraft.client.main.Main.main(Main.java:230) ~[neoforge-21.1.35.jar%23189!/:?]
	at java.base/jdk.internal.reflect.DirectMethodHandleAccessor.invoke(DirectMethodHandleAccessor.java:103) ~[?:?]
	at java.base/java.lang.reflect.Method.invoke(Method.java:580) ~[?:?]
	at MC-BOOTSTRAP/fml_loader@4.0.24/net.neoforged.fml.loading.targets.CommonLaunchHandler.runTarget(CommonLaunchHandler.java:136) ~[loader-4.0.24.jar%23143!/:4.0]
	at MC-BOOTSTRAP/fml_loader@4.0.24/net.neoforged.fml.loading.targets.CommonLaunchHandler.clientService(CommonLaunchHandler.java:124) ~[loader-4.0.24.jar%23143!/:4.0]
	at MC-BOOTSTRAP/fml_loader@4.0.24/net.neoforged.fml.loading.targets.NeoForgeClientUserdevLaunchHandler.runService(NeoForgeClientUserdevLaunchHandler.java:23) ~[loader-4.0.24.jar%23143!/:4.0]
	at MC-BOOTSTRAP/fml_loader@4.0.24/net.neoforged.fml.loading.targets.CommonLaunchHandler.lambda$launchService$4(CommonLaunchHandler.java:118) ~[loader-4.0.24.jar%23143!/:4.0]
	at MC-BOOTSTRAP/cpw.mods.modlauncher@11.0.4/cpw.mods.modlauncher.LaunchServiceHandlerDecorator.launch(LaunchServiceHandlerDecorator.java:30) [modlauncher-11.0.4.jar%23125!/:?]
	at MC-BOOTSTRAP/cpw.mods.modlauncher@11.0.4/cpw.mods.modlauncher.LaunchServiceHandler.launch(LaunchServiceHandler.java:53) [modlauncher-11.0.4.jar%23125!/:?]
	at MC-BOOTSTRAP/cpw.mods.modlauncher@11.0.4/cpw.mods.modlauncher.LaunchServiceHandler.launch(LaunchServiceHandler.java:71) [modlauncher-11.0.4.jar%23125!/:?]
	at MC-BOOTSTRAP/cpw.mods.modlauncher@11.0.4/cpw.mods.modlauncher.Launcher.run(Launcher.java:103) [modlauncher-11.0.4.jar%23125!/:?]
	at MC-BOOTSTRAP/cpw.mods.modlauncher@11.0.4/cpw.mods.modlauncher.Launcher.main(Launcher.java:74) [modlauncher-11.0.4.jar%23125!/:?]
	at MC-BOOTSTRAP/cpw.mods.modlauncher@11.0.4/cpw.mods.modlauncher.BootstrapLaunchConsumer.accept(BootstrapLaunchConsumer.java:26) [modlauncher-11.0.4.jar%23125!/:?]
	at MC-BOOTSTRAP/cpw.mods.modlauncher@11.0.4/cpw.mods.modlauncher.BootstrapLaunchConsumer.accept(BootstrapLaunchConsumer.java:23) [modlauncher-11.0.4.jar%23125!/:?]
	at cpw.mods.bootstraplauncher@2.0.2/cpw.mods.bootstraplauncher.BootstrapLauncher.run(BootstrapLauncher.java:210) [bootstraplauncher-2.0.2.jar:?]
	at cpw.mods.bootstraplauncher@2.0.2/cpw.mods.bootstraplauncher.BootstrapLauncher.main(BootstrapLauncher.java:69) [bootstraplauncher-2.0.2.jar:?]
[28Sep2024 12:42:56.359] [Render thread/ERROR] [net.minecraft.world.item.crafting.RecipeManager/]: Parsing error loading recipe everythingcopper:bee_conversion/chipped_exposed_copper_anvil_repair
com.google.gson.JsonParseException: Unknown registry key in ResourceKey[minecraft:root / neoforge:condition_codecs]: productivebees:bee_exists
	at MC-BOOTSTRAP/datafixerupper@8.0.16/com.mojang.serialization.DataResult$Error.getOrThrow(DataResult.java:287) ~[datafixerupper-8.0.16.jar%23118!/:?]
	at TRANSFORMER/minecraft@1.21.1/net.minecraft.world.item.crafting.RecipeManager.apply(RecipeManager.java:60) ~[neoforge-21.1.35.jar%23189!/:?]
	at TRANSFORMER/minecraft@1.21.1/net.minecraft.world.item.crafting.RecipeManager.apply(RecipeManager.java:36) ~[neoforge-21.1.35.jar%23189!/:?]
	at TRANSFORMER/minecraft@1.21.1/net.minecraft.server.packs.resources.SimplePreparableReloadListener.lambda$reload$1(SimplePreparableReloadListener.java:19) ~[neoforge-21.1.35.jar%23189!/:?]
	at java.base/java.util.concurrent.CompletableFuture$UniAccept.tryFire(CompletableFuture.java:718) ~[?:?]
	at java.base/java.util.concurrent.CompletableFuture$Completion.run(CompletableFuture.java:482) ~[?:?]
	at TRANSFORMER/minecraft@1.21.1/net.minecraft.server.packs.resources.SimpleReloadInstance.lambda$new$3(SimpleReloadInstance.java:86) ~[neoforge-21.1.35.jar%23189!/:?]
	at TRANSFORMER/minecraft@1.21.1/net.minecraft.util.thread.BlockableEventLoop.doRunTask(BlockableEventLoop.java:151) ~[neoforge-21.1.35.jar%23189!/:?]
	at TRANSFORMER/minecraft@1.21.1/net.minecraft.util.thread.ReentrantBlockableEventLoop.doRunTask(ReentrantBlockableEventLoop.java:24) ~[neoforge-21.1.35.jar%23189!/:?]
	at TRANSFORMER/minecraft@1.21.1/net.minecraft.util.thread.BlockableEventLoop.pollTask(BlockableEventLoop.java:122) ~[neoforge-21.1.35.jar%23189!/:?]
	at TRANSFORMER/minecraft@1.21.1/net.minecraft.util.thread.BlockableEventLoop.managedBlock(BlockableEventLoop.java:135) ~[neoforge-21.1.35.jar%23189!/:?]
	at TRANSFORMER/minecraft@1.21.1/net.minecraft.client.gui.screens.worldselection.WorldOpenFlows.loadWorldDataBlocking(WorldOpenFlows.java:201) ~[neoforge-21.1.35.jar%23189!/:?]
	at TRANSFORMER/minecraft@1.21.1/net.minecraft.client.gui.screens.worldselection.WorldOpenFlows.loadWorldStem(WorldOpenFlows.java:142) ~[neoforge-21.1.35.jar%23189!/:?]
	at TRANSFORMER/minecraft@1.21.1/net.minecraft.client.gui.screens.worldselection.WorldOpenFlows.openWorldLoadLevelStem(WorldOpenFlows.java:345) ~[neoforge-21.1.35.jar%23189!/:?]
	at TRANSFORMER/minecraft@1.21.1/net.minecraft.client.gui.screens.worldselection.WorldOpenFlows.openWorldCheckVersionCompatibility(WorldOpenFlows.java:334) ~[neoforge-21.1.35.jar%23189!/:?]
	at TRANSFORMER/minecraft@1.21.1/net.minecraft.client.gui.screens.worldselection.WorldOpenFlows.openWorldLoadLevelData(WorldOpenFlows.java:296) ~[neoforge-21.1.35.jar%23189!/:?]
	at TRANSFORMER/minecraft@1.21.1/net.minecraft.client.gui.screens.worldselection.WorldOpenFlows.openWorld(WorldOpenFlows.java:261) ~[neoforge-21.1.35.jar%23189!/:?]
	at TRANSFORMER/minecraft@1.21.1/net.minecraft.client.gui.screens.worldselection.WorldSelectionList$WorldListEntry.joinWorld(WorldSelectionList.java:516) ~[neoforge-21.1.35.jar%23189!/:?]
	at TRANSFORMER/minecraft@1.21.1/net.minecraft.client.gui.screens.worldselection.WorldSelectionList$WorldListEntry.mouseClicked(WorldSelectionList.java:499) ~[neoforge-21.1.35.jar%23189!/:?]
	at TRANSFORMER/minecraft@1.21.1/net.minecraft.client.gui.components.AbstractSelectionList.mouseClicked(AbstractSelectionList.java:303) ~[neoforge-21.1.35.jar%23189!/:?]
	at TRANSFORMER/minecraft@1.21.1/net.minecraft.client.gui.components.events.ContainerEventHandler.mouseClicked(ContainerEventHandler.java:52) ~[neoforge-21.1.35.jar%23189!/:?]
	at TRANSFORMER/minecraft@1.21.1/net.minecraft.client.MouseHandler.lambda$onPress$0(MouseHandler.java:103) ~[neoforge-21.1.35.jar%23189!/:?]
	at TRANSFORMER/minecraft@1.21.1/net.minecraft.client.gui.screens.Screen.wrapScreenError(Screen.java:469) ~[neoforge-21.1.35.jar%23189!/:?]
	at TRANSFORMER/minecraft@1.21.1/net.minecraft.client.MouseHandler.onPress(MouseHandler.java:100) ~[neoforge-21.1.35.jar%23189!/:?]
	at TRANSFORMER/minecraft@1.21.1/net.minecraft.client.MouseHandler.lambda$setup$4(MouseHandler.java:212) ~[neoforge-21.1.35.jar%23189!/:?]
	at TRANSFORMER/minecraft@1.21.1/net.minecraft.util.thread.BlockableEventLoop.execute(BlockableEventLoop.java:98) ~[neoforge-21.1.35.jar%23189!/:?]
	at TRANSFORMER/minecraft@1.21.1/net.minecraft.client.MouseHandler.lambda$setup$5(MouseHandler.java:212) ~[neoforge-21.1.35.jar%23189!/:?]
	at MC-BOOTSTRAP/org.lwjgl.glfw@3.3.3+5/org.lwjgl.glfw.GLFWMouseButtonCallbackI.callback(GLFWMouseButtonCallbackI.java:43) ~[lwjgl-glfw-3.3.3.jar%23171!/:build 5]
	at MC-BOOTSTRAP/org.lwjgl@3.3.3+5/org.lwjgl.system.JNI.invokeV(Native Method) ~[lwjgl-3.3.3.jar%23182!/:build 5]
	at MC-BOOTSTRAP/org.lwjgl.glfw@3.3.3+5/org.lwjgl.glfw.GLFW.glfwWaitEventsTimeout(GLFW.java:3509) ~[lwjgl-glfw-3.3.3.jar%23171!/:build 5]
	at TRANSFORMER/minecraft@1.21.1/com.mojang.blaze3d.systems.RenderSystem.limitDisplayFPS(RenderSystem.java:162) ~[neoforge-21.1.35.jar%23189!/:?]
	at TRANSFORMER/minecraft@1.21.1/net.minecraft.client.Minecraft.runTick(Minecraft.java:1226) ~[neoforge-21.1.35.jar%23189!/:?]
	at TRANSFORMER/minecraft@1.21.1/net.minecraft.client.Minecraft.run(Minecraft.java:813) ~[neoforge-21.1.35.jar%23189!/:?]
	at TRANSFORMER/minecraft@1.21.1/net.minecraft.client.main.Main.main(Main.java:230) ~[neoforge-21.1.35.jar%23189!/:?]
	at java.base/jdk.internal.reflect.DirectMethodHandleAccessor.invoke(DirectMethodHandleAccessor.java:103) ~[?:?]
	at java.base/java.lang.reflect.Method.invoke(Method.java:580) ~[?:?]
	at MC-BOOTSTRAP/fml_loader@4.0.24/net.neoforged.fml.loading.targets.CommonLaunchHandler.runTarget(CommonLaunchHandler.java:136) ~[loader-4.0.24.jar%23143!/:4.0]
	at MC-BOOTSTRAP/fml_loader@4.0.24/net.neoforged.fml.loading.targets.CommonLaunchHandler.clientService(CommonLaunchHandler.java:124) ~[loader-4.0.24.jar%23143!/:4.0]
	at MC-BOOTSTRAP/fml_loader@4.0.24/net.neoforged.fml.loading.targets.NeoForgeClientUserdevLaunchHandler.runService(NeoForgeClientUserdevLaunchHandler.java:23) ~[loader-4.0.24.jar%23143!/:4.0]
	at MC-BOOTSTRAP/fml_loader@4.0.24/net.neoforged.fml.loading.targets.CommonLaunchHandler.lambda$launchService$4(CommonLaunchHandler.java:118) ~[loader-4.0.24.jar%23143!/:4.0]
	at MC-BOOTSTRAP/cpw.mods.modlauncher@11.0.4/cpw.mods.modlauncher.LaunchServiceHandlerDecorator.launch(LaunchServiceHandlerDecorator.java:30) [modlauncher-11.0.4.jar%23125!/:?]
	at MC-BOOTSTRAP/cpw.mods.modlauncher@11.0.4/cpw.mods.modlauncher.LaunchServiceHandler.launch(LaunchServiceHandler.java:53) [modlauncher-11.0.4.jar%23125!/:?]
	at MC-BOOTSTRAP/cpw.mods.modlauncher@11.0.4/cpw.mods.modlauncher.LaunchServiceHandler.launch(LaunchServiceHandler.java:71) [modlauncher-11.0.4.jar%23125!/:?]
	at MC-BOOTSTRAP/cpw.mods.modlauncher@11.0.4/cpw.mods.modlauncher.Launcher.run(Launcher.java:103) [modlauncher-11.0.4.jar%23125!/:?]
	at MC-BOOTSTRAP/cpw.mods.modlauncher@11.0.4/cpw.mods.modlauncher.Launcher.main(Launcher.java:74) [modlauncher-11.0.4.jar%23125!/:?]
	at MC-BOOTSTRAP/cpw.mods.modlauncher@11.0.4/cpw.mods.modlauncher.BootstrapLaunchConsumer.accept(BootstrapLaunchConsumer.java:26) [modlauncher-11.0.4.jar%23125!/:?]
	at MC-BOOTSTRAP/cpw.mods.modlauncher@11.0.4/cpw.mods.modlauncher.BootstrapLaunchConsumer.accept(BootstrapLaunchConsumer.java:23) [modlauncher-11.0.4.jar%23125!/:?]
	at cpw.mods.bootstraplauncher@2.0.2/cpw.mods.bootstraplauncher.BootstrapLauncher.run(BootstrapLauncher.java:210) [bootstraplauncher-2.0.2.jar:?]
	at cpw.mods.bootstraplauncher@2.0.2/cpw.mods.bootstraplauncher.BootstrapLauncher.main(BootstrapLauncher.java:69) [bootstraplauncher-2.0.2.jar:?]
[28Sep2024 12:42:56.367] [Render thread/INFO] [net.minecraft.world.item.crafting.RecipeManager/]: Loaded 1377 recipes
[28Sep2024 12:42:56.737] [Render thread/INFO] [net.minecraft.advancements.AdvancementTree/]: Loaded 1399 advancements
[28Sep2024 12:42:57.530] [Render thread/INFO] [mezz.jei.neoforge.startup.StartEventObserver/]: JEI StartEventObserver received class net.neoforged.neoforge.event.TagsUpdatedEvent too early, ignoring
[28Sep2024 12:42:57.594] [Render thread/DEBUG] [net.neoforged.neoforge.common.CommonHooks/WP]: Gathered mod list to write to world save New World
[28Sep2024 12:42:57.674] [Server thread/INFO] [net.minecraft.client.server.IntegratedServer/]: Starting integrated minecraft server version 1.21.1
[28Sep2024 12:42:57.675] [Server thread/INFO] [net.minecraft.server.MinecraftServer/]: Generating keypair
[28Sep2024 12:42:57.813] [Server thread/DEBUG] [net.neoforged.fml.config.ConfigTracker/CONFIG]: Loading configs type SERVER
[28Sep2024 12:42:57.816] [Server thread/DEBUG] [net.neoforged.fml.config.ConfigTracker/CONFIG]: Loaded TOML config file D:\jais\projects\everythingcopper-1.19\runs\client\config\jei-server.toml
[28Sep2024 12:42:57.817] [Server thread/DEBUG] [net.neoforged.fml.config.ConfigTracker/CONFIG]: Watching TOML config file D:\jais\projects\everythingcopper-1.19\runs\client\config\jei-server.toml for changes
[28Sep2024 12:42:57.823] [Server thread/DEBUG] [net.neoforged.neoforge.common.NeoForgeConfig/FORGEMOD]: Loaded NeoForge config file neoforge-server.toml
[28Sep2024 12:42:57.824] [Server thread/DEBUG] [net.neoforged.fml.config.ConfigTracker/CONFIG]: Loaded TOML config file D:\jais\projects\everythingcopper-1.19\runs\client\config\neoforge-server.toml
[28Sep2024 12:42:57.825] [Server thread/DEBUG] [net.neoforged.fml.config.ConfigTracker/CONFIG]: Watching TOML config file D:\jais\projects\everythingcopper-1.19\runs\client\config\neoforge-server.toml for changes
[28Sep2024 12:42:57.908] [Server thread/DEBUG] [net.neoforged.coremod.transformer.CoreModBaseTransformer/COREMOD]: Transforming net/minecraft/world/level/levelgen/PhantomSpawner
[28Sep2024 12:42:57.918] [Server thread/DEBUG] [net.neoforged.coremod.transformer.CoreModBaseTransformer/COREMOD]: Transforming net/minecraft/world/level/levelgen/PatrolSpawner
[28Sep2024 12:42:57.925] [Server thread/DEBUG] [net.neoforged.coremod.transformer.CoreModBaseTransformer/COREMOD]: Transforming net/minecraft/world/entity/npc/CatSpawner
[28Sep2024 12:42:57.930] [Server thread/DEBUG] [net.neoforged.coremod.transformer.CoreModBaseTransformer/COREMOD]: Transforming net/minecraft/world/entity/ai/village/VillageSiege
[28Sep2024 12:42:59.618] [Server thread/INFO] [net.minecraft.server.MinecraftServer/]: Preparing start region for dimension minecraft:overworld
[28Sep2024 12:43:00.071] [progressListener/INFO] [net.minecraft.server.level.progress.LoggerChunkProgressListener/]: Preparing spawn area: 0%
[28Sep2024 12:43:00.155] [progressListener/INFO] [net.minecraft.server.level.progress.LoggerChunkProgressListener/]: Preparing spawn area: 18%
[28Sep2024 12:43:00.175] [Server thread/INFO] [net.neoforged.neoforge.server.permission.PermissionAPI/]: Successfully initialized permission handler neoforge:default_handler
[28Sep2024 12:43:00.177] [progressListener/INFO] [net.minecraft.server.level.progress.LoggerChunkProgressListener/]: Time elapsed: 541 ms
[28Sep2024 12:43:00.313] [Server thread/DEBUG] [net.neoforged.coremod.transformer.CoreModBaseTransformer/COREMOD]: Transforming net/minecraft/world/level/NaturalSpawner
[28Sep2024 12:43:00.343] [Server thread/INFO] [net.minecraft.client.server.IntegratedServer/]: Changing view distance to 12, from 10
[28Sep2024 12:43:00.343] [Server thread/INFO] [net.minecraft.client.server.IntegratedServer/]: Changing simulation distance to 12, from 0
[28Sep2024 12:43:00.414] [Render thread/DEBUG] [io.netty.channel.MultithreadEventLoopGroup/]: -Dio.netty.eventLoopThreads: 16
[28Sep2024 12:43:00.429] [Render thread/DEBUG] [io.netty.util.concurrent.GlobalEventExecutor/]: -Dio.netty.globalEventExecutor.quietPeriodSeconds: 1
[28Sep2024 12:43:00.445] [Render thread/DEBUG] [io.netty.channel.nio.NioEventLoop/]: -Dio.netty.noKeySetOptimization: false
[28Sep2024 12:43:00.445] [Render thread/DEBUG] [io.netty.channel.nio.NioEventLoop/]: -Dio.netty.selectorAutoRebuildThreshold: 512
[28Sep2024 12:43:00.454] [Render thread/DEBUG] [io.netty.util.internal.PlatformDependent/]: org.jctools-core.MpscChunkedArrayQueue: available
[28Sep2024 12:43:00.508] [Render thread/DEBUG] [io.netty.channel.DefaultChannelId/]: -Dio.netty.processId: 7008 (auto-detected)
[28Sep2024 12:43:00.511] [Render thread/DEBUG] [io.netty.util.NetUtil/]: -Djava.net.preferIPv4Stack: false
[28Sep2024 12:43:00.511] [Render thread/DEBUG] [io.netty.util.NetUtil/]: -Djava.net.preferIPv6Addresses: system
[28Sep2024 12:43:00.517] [Render thread/DEBUG] [io.netty.util.NetUtilInitializations/]: Loopback interface: loopback_0 (Software Loopback Interface 1, 0:0:0:0:0:0:0:1)
[28Sep2024 12:43:00.518] [Render thread/DEBUG] [io.netty.util.NetUtil/]: Failed to get SOMAXCONN from sysctl and file \proc\sys\net\core\somaxconn. Default: 200
[28Sep2024 12:43:00.521] [Render thread/DEBUG] [io.netty.channel.DefaultChannelId/]: -Dio.netty.machineId: f4:39:09:ff:fe:49:97:a1 (auto-detected)
[28Sep2024 12:43:00.659] [Render thread/DEBUG] [io.netty.util.Recycler/]: -Dio.netty.recycler.maxCapacityPerThread: 4096
[28Sep2024 12:43:00.659] [Render thread/DEBUG] [io.netty.util.Recycler/]: -Dio.netty.recycler.ratio: 8
[28Sep2024 12:43:00.659] [Render thread/DEBUG] [io.netty.util.Recycler/]: -Dio.netty.recycler.chunkSize: 32
[28Sep2024 12:43:00.660] [Render thread/DEBUG] [io.netty.util.Recycler/]: -Dio.netty.recycler.blocking: false
[28Sep2024 12:43:00.660] [Render thread/DEBUG] [io.netty.util.Recycler/]: -Dio.netty.recycler.batchFastThreadLocalOnly: true
[28Sep2024 12:43:00.864] [Netty Server IO #1/DEBUG] [net.neoforged.neoforge.network.filters.NetworkFilters/]: Injected net.neoforged.neoforge.network.filters.GenericPacketSplitter@41dfc1be into net.minecraft.network.Connection@40f432a3
[28Sep2024 12:43:00.874] [Netty Local Client IO #0/DEBUG] [net.neoforged.neoforge.network.filters.NetworkFilters/]: Injected net.neoforged.neoforge.network.filters.GenericPacketSplitter@42a51b55 into net.minecraft.network.Connection@2f0d6615
[28Sep2024 12:43:01.271] [Render thread/INFO] [mezz.jei.neoforge.startup.StartEventObserver/]: JEI StartEventObserver received class net.neoforged.neoforge.event.TagsUpdatedEvent
[28Sep2024 12:43:01.397] [Render thread/DEBUG] [mixin/]: Mixing SessionSearchTreesMixin from jade.mixins.json into net.minecraft.client.multiplayer.SessionSearchTrees
[28Sep2024 12:43:01.398] [Render thread/DEBUG] [mixin/]: jade.mixins.json:SessionSearchTreesMixin from mod jade: Class version 65 required is higher than the class version supported by the current version of Mixin (JAVA_16 supports class version 60)
[28Sep2024 12:43:01.406] [Render thread/DEBUG] [mixin/]: jade.mixins.json:SessionSearchTreesMixin from mod jade->@Inject::jade$preGet(Ljava/util/stream/Stream;Lnet/minecraft/world/item/Item$TooltipContext;Lnet/minecraft/world/item/TooltipFlag;Lorg/spongepowered/asm/mixin/injection/callback/CallbackInfoReturnable;)V doesn't use it's CallbackInfoReturnable
[28Sep2024 12:43:01.419] [Netty Server IO #1/DEBUG] [net.neoforged.neoforge.network.filters.NetworkFilters/]: Injected net.neoforged.neoforge.network.filters.GenericPacketSplitter@6b0fe83c into net.minecraft.network.Connection@40f432a3
[28Sep2024 12:43:01.534] [Server thread/INFO] [net.minecraft.server.players.PlayerList/]: Dev[local:E:12d6ccf7] logged in with entity id 40 at (-317.2933884738124, 79.0, 71.39875733567858)
[28Sep2024 12:43:01.687] [Server thread/INFO] [net.minecraft.server.MinecraftServer/]: Dev joined the game
[28Sep2024 12:43:01.842] [Render thread/INFO] [mezz.jei.neoforge.startup.StartEventObserver/]: JEI StartEventObserver received class net.neoforged.neoforge.client.event.RecipesUpdatedEvent
[28Sep2024 12:43:01.842] [Render thread/INFO] [mezz.jei.neoforge.startup.StartEventObserver/]: JEI StartEventObserver transitioning state from LISTENING to JEI_STARTED
[28Sep2024 12:43:01.843] [Render thread/INFO] [mezz.jei.core.util.LoggedTimer/]: Starting JEI...
[28Sep2024 12:43:01.855] [Render thread/INFO] [mezz.jei.library.load.PluginCaller/]: Registering item subtypes...
[28Sep2024 12:43:01.856] [Render thread/DEBUG] [mezz.jei.library.load.PluginCallerTimerRunnable/]: Registering item subtypes: jei:minecraft...
[28Sep2024 12:43:01.859] [Render thread/DEBUG] [mezz.jei.library.load.PluginCallerTimerRunnable/]: Registering item subtypes: everythingcopper:everythingcopper...
[28Sep2024 12:43:01.859] [Render thread/DEBUG] [mezz.jei.library.load.PluginCallerTimerRunnable/]: Registering item subtypes: jade:main...
[28Sep2024 12:43:01.859] [Render thread/DEBUG] [mezz.jei.library.load.PluginCallerTimerRunnable/]: Registering item subtypes: jei:neoforge_gui...
[28Sep2024 12:43:01.859] [Render thread/DEBUG] [mezz.jei.library.load.PluginCallerTimerRunnable/]: Registering item subtypes: jei:debug...
[28Sep2024 12:43:01.859] [Render thread/DEBUG] [mezz.jei.library.load.PluginCallerTimerRunnable/]: Registering item subtypes: jei:gui...
[28Sep2024 12:43:01.859] [Render thread/DEBUG] [mezz.jei.library.load.PluginCallerTimerRunnable/]: Registering item subtypes: jei:internal...
[28Sep2024 12:43:01.860] [Render thread/INFO] [mezz.jei.library.load.PluginCaller/]: Registering item subtypes took 4.194 ms
[28Sep2024 12:43:01.860] [Render thread/INFO] [mezz.jei.library.load.PluginCaller/]: Registering fluid subtypes...
[28Sep2024 12:43:01.860] [Render thread/DEBUG] [mezz.jei.library.load.PluginCallerTimerRunnable/]: Registering fluid subtypes: jei:minecraft...
[28Sep2024 12:43:01.861] [Render thread/DEBUG] [mezz.jei.library.load.PluginCallerTimerRunnable/]: Registering fluid subtypes: everythingcopper:everythingcopper...
[28Sep2024 12:43:01.861] [Render thread/DEBUG] [mezz.jei.library.load.PluginCallerTimerRunnable/]: Registering fluid subtypes: jade:main...
[28Sep2024 12:43:01.861] [Render thread/DEBUG] [mezz.jei.library.load.PluginCallerTimerRunnable/]: Registering fluid subtypes: jei:neoforge_gui...
[28Sep2024 12:43:01.861] [Render thread/DEBUG] [mezz.jei.library.load.PluginCallerTimerRunnable/]: Registering fluid subtypes: jei:debug...
[28Sep2024 12:43:01.863] [Render thread/DEBUG] [mezz.jei.library.load.PluginCallerTimerRunnable/]: Registering fluid subtypes: jei:gui...
[28Sep2024 12:43:01.863] [Render thread/DEBUG] [mezz.jei.library.load.PluginCallerTimerRunnable/]: Registering fluid subtypes: jei:internal...
[28Sep2024 12:43:01.863] [Render thread/INFO] [mezz.jei.library.load.PluginCaller/]: Registering fluid subtypes took 2.637 ms
[28Sep2024 12:43:01.865] [Render thread/INFO] [mezz.jei.library.load.PluginCaller/]: Registering ingredients...
[28Sep2024 12:43:01.866] [Render thread/DEBUG] [mezz.jei.library.load.PluginCallerTimerRunnable/]: Registering ingredients: jei:minecraft...
[28Sep2024 12:43:01.947] [Render thread/DEBUG] [net.neoforged.coremod.transformer.CoreModBaseTransformer/COREMOD]: Transforming net/minecraft/world/entity/raid/Raid
[28Sep2024 12:43:02.092] [Render thread/INFO] [mezz.jei.library.load.PluginCallerTimerRunnable/]: Registering ingredients: jei:minecraft took 225.9 milliseconds
[28Sep2024 12:43:02.092] [Render thread/DEBUG] [mezz.jei.library.load.PluginCallerTimerRunnable/]: Registering ingredients: everythingcopper:everythingcopper...
[28Sep2024 12:43:02.092] [Render thread/DEBUG] [mezz.jei.library.load.PluginCallerTimerRunnable/]: Registering ingredients: jade:main...
[28Sep2024 12:43:02.092] [Render thread/DEBUG] [mezz.jei.library.load.PluginCallerTimerRunnable/]: Registering ingredients: jei:neoforge_gui...
[28Sep2024 12:43:02.092] [Render thread/DEBUG] [mezz.jei.library.load.PluginCallerTimerRunnable/]: Registering ingredients: jei:debug...
[28Sep2024 12:43:02.093] [Render thread/DEBUG] [mezz.jei.library.load.PluginCallerTimerRunnable/]: Registering ingredients: jei:gui...
[28Sep2024 12:43:02.093] [Render thread/DEBUG] [mezz.jei.library.load.PluginCallerTimerRunnable/]: Registering ingredients: jei:internal...
[28Sep2024 12:43:02.093] [Render thread/INFO] [mezz.jei.library.load.PluginCaller/]: Registering ingredients took 227.4 ms
[28Sep2024 12:43:02.101] [Render thread/INFO] [mezz.jei.library.load.PluginCaller/]: Registering Mod Info...
[28Sep2024 12:43:02.102] [Render thread/DEBUG] [mezz.jei.library.load.PluginCallerTimerRunnable/]: Registering Mod Info: jei:minecraft...
[28Sep2024 12:43:02.102] [Render thread/DEBUG] [mezz.jei.library.load.PluginCallerTimerRunnable/]: Registering Mod Info: everythingcopper:everythingcopper...
[28Sep2024 12:43:02.102] [Render thread/DEBUG] [mezz.jei.library.load.PluginCallerTimerRunnable/]: Registering Mod Info: jade:main...
[28Sep2024 12:43:02.102] [Render thread/DEBUG] [mezz.jei.library.load.PluginCallerTimerRunnable/]: Registering Mod Info: jei:neoforge_gui...
[28Sep2024 12:43:02.103] [Render thread/DEBUG] [mezz.jei.library.load.PluginCallerTimerRunnable/]: Registering Mod Info: jei:debug...
[28Sep2024 12:43:02.103] [Render thread/DEBUG] [mezz.jei.library.load.PluginCallerTimerRunnable/]: Registering Mod Info: jei:gui...
[28Sep2024 12:43:02.103] [Render thread/DEBUG] [mezz.jei.library.load.PluginCallerTimerRunnable/]: Registering Mod Info: jei:internal...
[28Sep2024 12:43:02.103] [Render thread/INFO] [mezz.jei.library.load.PluginCaller/]: Registering Mod Info took 1.287 ms
[28Sep2024 12:43:02.143] [Render thread/INFO] [mezz.jei.library.load.PluginCaller/]: Registering categories...
[28Sep2024 12:43:02.144] [Render thread/DEBUG] [mezz.jei.library.load.PluginCallerTimerRunnable/]: Registering categories: jei:minecraft...
[28Sep2024 12:43:02.175] [Render thread/INFO] [mezz.jei.library.load.PluginCallerTimerRunnable/]: Registering categories: jei:minecraft took 31.74 milliseconds
[28Sep2024 12:43:02.176] [Render thread/DEBUG] [mezz.jei.library.load.PluginCallerTimerRunnable/]: Registering categories: everythingcopper:everythingcopper...
[28Sep2024 12:43:02.177] [Render thread/DEBUG] [mezz.jei.library.load.PluginCallerTimerRunnable/]: Registering categories: jade:main...
[28Sep2024 12:43:02.178] [Render thread/DEBUG] [mezz.jei.library.load.PluginCallerTimerRunnable/]: Registering categories: jei:neoforge_gui...
[28Sep2024 12:43:02.178] [Render thread/DEBUG] [mezz.jei.library.load.PluginCallerTimerRunnable/]: Registering categories: jei:debug...
[28Sep2024 12:43:02.178] [Render thread/DEBUG] [mezz.jei.library.load.PluginCallerTimerRunnable/]: Registering categories: jei:gui...
[28Sep2024 12:43:02.178] [Render thread/DEBUG] [mezz.jei.library.load.PluginCallerTimerRunnable/]: Registering categories: jei:internal...
[28Sep2024 12:43:02.179] [Render thread/INFO] [mezz.jei.library.load.PluginCaller/]: Registering categories took 36.23 ms
[28Sep2024 12:43:02.181] [Render thread/INFO] [mezz.jei.library.load.PluginCaller/]: Registering vanilla category extensions...
[28Sep2024 12:43:02.181] [Render thread/DEBUG] [mezz.jei.library.load.PluginCallerTimerRunnable/]: Registering vanilla category extensions: jei:minecraft...
[28Sep2024 12:43:02.184] [Render thread/DEBUG] [mezz.jei.library.load.PluginCallerTimerRunnable/]: Registering vanilla category extensions: everythingcopper:everythingcopper...
[28Sep2024 12:43:02.184] [Render thread/DEBUG] [mezz.jei.library.load.PluginCallerTimerRunnable/]: Registering vanilla category extensions: jade:main...
[28Sep2024 12:43:02.184] [Render thread/DEBUG] [mezz.jei.library.load.PluginCallerTimerRunnable/]: Registering vanilla category extensions: jei:neoforge_gui...
[28Sep2024 12:43:02.184] [Render thread/DEBUG] [mezz.jei.library.load.PluginCallerTimerRunnable/]: Registering vanilla category extensions: jei:debug...
[28Sep2024 12:43:02.184] [Render thread/DEBUG] [mezz.jei.library.load.PluginCallerTimerRunnable/]: Registering vanilla category extensions: jei:gui...
[28Sep2024 12:43:02.184] [Render thread/DEBUG] [mezz.jei.library.load.PluginCallerTimerRunnable/]: Registering vanilla category extensions: jei:internal...
[28Sep2024 12:43:02.184] [Render thread/INFO] [mezz.jei.library.load.PluginCaller/]: Registering vanilla category extensions took 3.009 ms
[28Sep2024 12:43:02.186] [Render thread/INFO] [mezz.jei.library.load.PluginCaller/]: Registering recipe catalysts...
[28Sep2024 12:43:02.187] [Render thread/DEBUG] [mezz.jei.library.load.PluginCallerTimerRunnable/]: Registering recipe catalysts: jei:minecraft...
[28Sep2024 12:43:02.188] [Render thread/DEBUG] [mezz.jei.library.load.PluginCallerTimerRunnable/]: Registering recipe catalysts: everythingcopper:everythingcopper...
[28Sep2024 12:43:02.189] [Render thread/DEBUG] [mezz.jei.library.load.PluginCallerTimerRunnable/]: Registering recipe catalysts: jade:main...
[28Sep2024 12:43:02.189] [Render thread/DEBUG] [mezz.jei.library.load.PluginCallerTimerRunnable/]: Registering recipe catalysts: jei:neoforge_gui...
[28Sep2024 12:43:02.189] [Render thread/DEBUG] [mezz.jei.library.load.PluginCallerTimerRunnable/]: Registering recipe catalysts: jei:debug...
[28Sep2024 12:43:02.189] [Render thread/DEBUG] [mezz.jei.library.load.PluginCallerTimerRunnable/]: Registering recipe catalysts: jei:gui...
[28Sep2024 12:43:02.189] [Render thread/DEBUG] [mezz.jei.library.load.PluginCallerTimerRunnable/]: Registering recipe catalysts: jei:internal...
[28Sep2024 12:43:02.189] [Render thread/INFO] [mezz.jei.library.load.PluginCaller/]: Registering recipe catalysts took 2.454 ms
[28Sep2024 12:43:02.191] [Render thread/INFO] [mezz.jei.library.load.PluginCaller/]: Registering advanced plugins...
[28Sep2024 12:43:02.192] [Render thread/DEBUG] [mezz.jei.library.load.PluginCallerTimerRunnable/]: Registering advanced plugins: jei:minecraft...
[28Sep2024 12:43:02.192] [Render thread/DEBUG] [mezz.jei.library.load.PluginCallerTimerRunnable/]: Registering advanced plugins: everythingcopper:everythingcopper...
[28Sep2024 12:43:02.192] [Render thread/DEBUG] [mezz.jei.library.load.PluginCallerTimerRunnable/]: Registering advanced plugins: jade:main...
[28Sep2024 12:43:02.192] [Render thread/DEBUG] [mezz.jei.library.load.PluginCallerTimerRunnable/]: Registering advanced plugins: jei:neoforge_gui...
[28Sep2024 12:43:02.192] [Render thread/DEBUG] [mezz.jei.library.load.PluginCallerTimerRunnable/]: Registering advanced plugins: jei:debug...
[28Sep2024 12:43:02.192] [Render thread/DEBUG] [mezz.jei.library.load.PluginCallerTimerRunnable/]: Registering advanced plugins: jei:gui...
[28Sep2024 12:43:02.192] [Render thread/DEBUG] [mezz.jei.library.load.PluginCallerTimerRunnable/]: Registering advanced plugins: jei:internal...
[28Sep2024 12:43:02.193] [Render thread/INFO] [mezz.jei.library.load.PluginCaller/]: Registering advanced plugins took 1.220 ms
[28Sep2024 12:43:02.193] [Render thread/INFO] [mezz.jei.core.util.LoggedTimer/]: Building recipe registry...
[28Sep2024 12:43:02.209] [Render thread/INFO] [mezz.jei.core.util.LoggedTimer/]: Building recipe registry took 15.47 ms
[28Sep2024 12:43:02.212] [Render thread/INFO] [mezz.jei.library.load.PluginCaller/]: Registering recipes...
[28Sep2024 12:43:02.213] [Render thread/DEBUG] [mezz.jei.library.load.PluginCallerTimerRunnable/]: Registering recipes: jei:minecraft...
[28Sep2024 12:43:02.251] [Render thread/DEBUG] [mezz.jei.library.recipes.RecipeManagerInternal/]: Adding recipes: minecraft:crafting
[28Sep2024 12:43:02.319] [Render thread/DEBUG] [mezz.jei.library.recipes.RecipeManagerInternal/]: Adding recipes: minecraft:crafting
[28Sep2024 12:43:02.326] [Render thread/DEBUG] [mezz.jei.library.recipes.RecipeManagerInternal/]: Adding recipes: minecraft:stonecutting
[28Sep2024 12:43:02.330] [Render thread/DEBUG] [mezz.jei.library.recipes.RecipeManagerInternal/]: Adding recipes: minecraft:smelting
[28Sep2024 12:43:02.332] [Render thread/DEBUG] [mezz.jei.library.recipes.RecipeManagerInternal/]: Adding recipes: minecraft:smoking
[28Sep2024 12:43:02.333] [Render thread/DEBUG] [mezz.jei.library.recipes.RecipeManagerInternal/]: Adding recipes: minecraft:blasting
[28Sep2024 12:43:02.333] [Render thread/DEBUG] [mezz.jei.library.recipes.RecipeManagerInternal/]: Adding recipes: minecraft:campfire_cooking
[28Sep2024 12:43:02.341] [Render thread/DEBUG] [mezz.jei.library.recipes.RecipeManagerInternal/]: Adding recipes: minecraft:fuel
[28Sep2024 12:43:02.376] [Render thread/DEBUG] [mezz.jei.library.recipes.RecipeManagerInternal/]: Adding recipes: minecraft:anvil
[28Sep2024 12:43:02.415] [Render thread/DEBUG] [mezz.jei.library.recipes.RecipeManagerInternal/]: Adding recipes: minecraft:smithing
[28Sep2024 12:43:02.423] [Render thread/DEBUG] [mezz.jei.library.recipes.RecipeManagerInternal/]: Adding recipes: minecraft:compostable
[28Sep2024 12:43:02.508] [Render thread/DEBUG] [mezz.jei.library.recipes.RecipeManagerInternal/]: Adding recipes: minecraft:brewing
[28Sep2024 12:43:02.516] [Render thread/INFO] [mezz.jei.library.load.PluginCallerTimerRunnable/]: Registering recipes: jei:minecraft took 303.4 milliseconds
[28Sep2024 12:43:02.517] [Render thread/DEBUG] [mezz.jei.library.load.PluginCallerTimerRunnable/]: Registering recipes: everythingcopper:everythingcopper...
[28Sep2024 12:43:02.520] [Render thread/DEBUG] [mezz.jei.library.recipes.RecipeManagerInternal/]: Adding recipes: everythingcopper:weathering
[28Sep2024 12:43:02.523] [Render thread/DEBUG] [mezz.jei.library.load.PluginCallerTimerRunnable/]: Registering recipes: jade:main...
[28Sep2024 12:43:02.523] [Render thread/DEBUG] [mezz.jei.library.load.PluginCallerTimerRunnable/]: Registering recipes: jei:neoforge_gui...
[28Sep2024 12:43:02.523] [Render thread/DEBUG] [mezz.jei.library.load.PluginCallerTimerRunnable/]: Registering recipes: jei:debug...
[28Sep2024 12:43:02.523] [Render thread/DEBUG] [mezz.jei.library.load.PluginCallerTimerRunnable/]: Registering recipes: jei:gui...
[28Sep2024 12:43:02.523] [Render thread/DEBUG] [mezz.jei.library.load.PluginCallerTimerRunnable/]: Registering recipes: jei:internal...
[28Sep2024 12:43:02.523] [Render thread/INFO] [mezz.jei.library.load.PluginCaller/]: Registering recipes took 310.8 ms
[28Sep2024 12:43:02.531] [Render thread/INFO] [mezz.jei.library.load.PluginCaller/]: Registering recipes transfer handlers...
[28Sep2024 12:43:02.531] [Render thread/DEBUG] [mezz.jei.library.load.PluginCallerTimerRunnable/]: Registering recipes transfer handlers: jei:minecraft...
[28Sep2024 12:43:02.536] [Render thread/DEBUG] [mezz.jei.library.load.PluginCallerTimerRunnable/]: Registering recipes transfer handlers: everythingcopper:everythingcopper...
[28Sep2024 12:43:02.536] [Render thread/DEBUG] [mezz.jei.library.load.PluginCallerTimerRunnable/]: Registering recipes transfer handlers: jade:main...
[28Sep2024 12:43:02.536] [Render thread/DEBUG] [mezz.jei.library.load.PluginCallerTimerRunnable/]: Registering recipes transfer handlers: jei:neoforge_gui...
[28Sep2024 12:43:02.536] [Render thread/DEBUG] [mezz.jei.library.load.PluginCallerTimerRunnable/]: Registering recipes transfer handlers: jei:debug...
[28Sep2024 12:43:02.536] [Render thread/DEBUG] [mezz.jei.library.load.PluginCallerTimerRunnable/]: Registering recipes transfer handlers: jei:gui...
[28Sep2024 12:43:02.536] [Render thread/DEBUG] [mezz.jei.library.load.PluginCallerTimerRunnable/]: Registering recipes transfer handlers: jei:internal...
[28Sep2024 12:43:02.536] [Render thread/INFO] [mezz.jei.library.load.PluginCaller/]: Registering recipes transfer handlers took 5.253 ms
[28Sep2024 12:43:02.558] [Render thread/INFO] [mezz.jei.core.util.LoggedTimer/]: Building runtime...
[28Sep2024 12:43:02.563] [Server thread/DEBUG] [net.neoforged.coremod.transformer.CoreModBaseTransformer/COREMOD]: Transforming net/minecraft/world/level/levelgen/structure/templatesystem/StructureTemplate
[28Sep2024 12:43:02.566] [Render thread/INFO] [mezz.jei.library.load.PluginCaller/]: Registering gui handlers...
[28Sep2024 12:43:02.567] [Render thread/DEBUG] [mezz.jei.library.load.PluginCallerTimerRunnable/]: Registering gui handlers: jei:minecraft...
[28Sep2024 12:43:02.572] [Render thread/DEBUG] [mezz.jei.library.load.PluginCallerTimerRunnable/]: Registering gui handlers: everythingcopper:everythingcopper...
[28Sep2024 12:43:02.572] [Render thread/DEBUG] [mezz.jei.library.load.PluginCallerTimerRunnable/]: Registering gui handlers: jade:main...
[28Sep2024 12:43:02.572] [Render thread/DEBUG] [mezz.jei.library.load.PluginCallerTimerRunnable/]: Registering gui handlers: jei:neoforge_gui...
[28Sep2024 12:43:02.572] [Render thread/DEBUG] [mezz.jei.library.load.PluginCallerTimerRunnable/]: Registering gui handlers: jei:debug...
[28Sep2024 12:43:02.573] [Render thread/DEBUG] [mezz.jei.library.load.PluginCallerTimerRunnable/]: Registering gui handlers: jei:gui...
[28Sep2024 12:43:02.580] [Render thread/DEBUG] [mezz.jei.library.load.PluginCallerTimerRunnable/]: Registering gui handlers: jei:internal...
[28Sep2024 12:43:02.581] [Render thread/INFO] [mezz.jei.library.load.PluginCaller/]: Registering gui handlers took 13.75 ms
[28Sep2024 12:43:02.587] [Render thread/INFO] [mezz.jei.library.load.PluginCaller/]: Registering Runtime...
[28Sep2024 12:43:02.588] [Render thread/DEBUG] [mezz.jei.library.load.PluginCallerTimerRunnable/]: Registering Runtime: jei:minecraft...
[28Sep2024 12:43:02.588] [Render thread/DEBUG] [mezz.jei.library.load.PluginCallerTimerRunnable/]: Registering Runtime: everythingcopper:everythingcopper...
[28Sep2024 12:43:02.588] [Render thread/DEBUG] [mezz.jei.library.load.PluginCallerTimerRunnable/]: Registering Runtime: jade:main...
[28Sep2024 12:43:02.588] [Render thread/DEBUG] [mezz.jei.library.load.PluginCallerTimerRunnable/]: Registering Runtime: jei:neoforge_gui...
[28Sep2024 12:43:02.591] [Render thread/INFO] [mezz.jei.gui.startup.JeiGuiStarter/]: Starting JEI GUI
[28Sep2024 12:43:02.592] [Render thread/INFO] [mezz.jei.core.util.LoggedTimer/]: Building ingredient list...
[28Sep2024 12:43:02.594] [Render thread/DEBUG] [mezz.jei.gui.ingredients.IngredientListElementFactory/]: Registering ingredients: ItemStack
[28Sep2024 12:43:02.599] [Render thread/DEBUG] [mezz.jei.gui.ingredients.IngredientListElementFactory/]: Registering ingredients: FluidStack
[28Sep2024 12:43:02.600] [Render thread/INFO] [mezz.jei.core.util.LoggedTimer/]: Building ingredient list took 7.573 ms
[28Sep2024 12:43:02.600] [Render thread/INFO] [mezz.jei.core.util.LoggedTimer/]: Building ingredient filter...
[28Sep2024 12:43:02.652] [Render thread/INFO] [mezz.jei.gui.ingredients.IngredientFilter/]: Adding 1730 ingredients
[28Sep2024 12:43:03.276] [Render thread/INFO] [mezz.jei.gui.ingredients.IngredientFilter/]: Added 1730 ingredients
[28Sep2024 12:43:03.278] [Render thread/INFO] [mezz.jei.core.util.LoggedTimer/]: Building ingredient filter took 677.6 ms
[28Sep2024 12:43:03.457] [Render thread/INFO] [mezz.jei.library.load.PluginCallerTimerRunnable/]: Registering Runtime: jei:neoforge_gui took 868.5 milliseconds
[28Sep2024 12:43:03.457] [Render thread/DEBUG] [mezz.jei.library.load.PluginCallerTimerRunnable/]: Registering Runtime: jei:debug...
[28Sep2024 12:43:03.457] [Render thread/DEBUG] [mezz.jei.library.load.PluginCallerTimerRunnable/]: Registering Runtime: jei:gui...
[28Sep2024 12:43:03.457] [Render thread/DEBUG] [mezz.jei.library.load.PluginCallerTimerRunnable/]: Registering Runtime: jei:internal...
[28Sep2024 12:43:03.458] [Render thread/INFO] [mezz.jei.library.load.PluginCaller/]: Registering Runtime took 869.9 ms
[28Sep2024 12:43:03.459] [Render thread/INFO] [mezz.jei.core.util.LoggedTimer/]: Building runtime took 899.8 ms
[28Sep2024 12:43:03.459] [Render thread/INFO] [mezz.jei.library.load.PluginCaller/]: Sending Runtime...
[28Sep2024 12:43:03.460] [Render thread/DEBUG] [mezz.jei.library.load.PluginCallerTimerRunnable/]: Sending Runtime: jei:minecraft...
[28Sep2024 12:43:03.460] [Render thread/DEBUG] [mezz.jei.library.load.PluginCallerTimerRunnable/]: Sending Runtime: everythingcopper:everythingcopper...
[28Sep2024 12:43:03.460] [Render thread/DEBUG] [mezz.jei.library.load.PluginCallerTimerRunnable/]: Sending Runtime: jade:main...
[28Sep2024 12:43:03.460] [Render thread/DEBUG] [mezz.jei.library.load.PluginCallerTimerRunnable/]: Sending Runtime: jei:neoforge_gui...
[28Sep2024 12:43:03.460] [Render thread/DEBUG] [mezz.jei.library.load.PluginCallerTimerRunnable/]: Sending Runtime: jei:debug...
[28Sep2024 12:43:03.460] [Render thread/DEBUG] [mezz.jei.library.load.PluginCallerTimerRunnable/]: Sending Runtime: jei:gui...
[28Sep2024 12:43:03.460] [Render thread/DEBUG] [mezz.jei.library.load.PluginCallerTimerRunnable/]: Sending Runtime: jei:internal...
[28Sep2024 12:43:03.460] [Render thread/INFO] [mezz.jei.library.load.PluginCaller/]: Sending Runtime took 1.001 ms
[28Sep2024 12:43:03.461] [Render thread/INFO] [mezz.jei.core.util.LoggedTimer/]: Starting JEI took 1.618 s
[28Sep2024 12:43:03.490] [Render thread/INFO] [snownee.jade.Jade/]: Received config from the server: 
[28Sep2024 12:43:03.492] [Render thread/INFO] [net.minecraft.advancements.AdvancementTree/]: Loaded 79 advancements
[28Sep2024 12:45:38.494] [Render thread/INFO] [net.minecraft.client.Minecraft/]: Stopping!
[28Sep2024 12:45:38.503] [Render thread/INFO] [mezz.jei.neoforge.startup.StartEventObserver/]: JEI StartEventObserver received class net.neoforged.neoforge.client.event.ClientPlayerNetworkEvent$LoggingOut
[28Sep2024 12:45:38.503] [Render thread/INFO] [mezz.jei.neoforge.startup.StartEventObserver/]: JEI StartEventObserver transitioning state from JEI_STARTED to LISTENING
[28Sep2024 12:45:38.503] [Render thread/INFO] [mezz.jei.library.startup.JeiStarter/]: Stopping JEI
[28Sep2024 12:45:38.503] [Render thread/INFO] [mezz.jei.library.load.PluginCaller/]: Sending Runtime Unavailable...
[28Sep2024 12:45:38.504] [Render thread/DEBUG] [mezz.jei.library.load.PluginCallerTimerRunnable/]: Sending Runtime Unavailable: jei:minecraft...
[28Sep2024 12:45:38.504] [Render thread/DEBUG] [mezz.jei.library.load.PluginCallerTimerRunnable/]: Sending Runtime Unavailable: everythingcopper:everythingcopper...
[28Sep2024 12:45:38.504] [Render thread/DEBUG] [mezz.jei.library.load.PluginCallerTimerRunnable/]: Sending Runtime Unavailable: jade:main...
[28Sep2024 12:45:38.504] [Render thread/DEBUG] [mezz.jei.library.load.PluginCallerTimerRunnable/]: Sending Runtime Unavailable: jei:neoforge_gui...
[28Sep2024 12:45:38.504] [Render thread/INFO] [mezz.jei.neoforge.plugins.neoforge.NeoForgeGuiPlugin/]: Stopping JEI GUI
[28Sep2024 12:45:38.507] [Render thread/DEBUG] [mezz.jei.library.load.PluginCallerTimerRunnable/]: Sending Runtime Unavailable: jei:debug...
[28Sep2024 12:45:38.507] [Render thread/DEBUG] [mezz.jei.library.load.PluginCallerTimerRunnable/]: Sending Runtime Unavailable: jei:gui...
[28Sep2024 12:45:38.507] [Render thread/DEBUG] [mezz.jei.library.load.PluginCallerTimerRunnable/]: Sending Runtime Unavailable: jei:internal...
[28Sep2024 12:45:38.508] [Render thread/INFO] [mezz.jei.library.load.PluginCaller/]: Sending Runtime Unavailable took 4.225 ms
[28Sep2024 12:45:38.535] [Server thread/INFO] [net.minecraft.server.network.ServerGamePacketListenerImpl/]: Dev lost connection: Disconnected
[28Sep2024 12:45:38.535] [Server thread/INFO] [net.minecraft.server.MinecraftServer/]: Dev left the game
[28Sep2024 12:45:38.608] [Server thread/INFO] [net.minecraft.server.network.ServerCommonPacketListenerImpl/]: Stopping singleplayer server as player logged out
[28Sep2024 12:45:38.659] [Server thread/INFO] [net.minecraft.server.MinecraftServer/]: Stopping server
[28Sep2024 12:45:38.660] [Server thread/INFO] [net.minecraft.server.MinecraftServer/]: Saving players
[28Sep2024 12:45:38.660] [Server thread/INFO] [net.minecraft.server.MinecraftServer/]: Saving worlds
[28Sep2024 12:45:38.910] [Server thread/INFO] [net.minecraft.server.MinecraftServer/]: Saving chunks for level 'ServerLevel[New World]'/minecraft:overworld
[28Sep2024 12:45:40.491] [Server thread/INFO] [net.minecraft.server.MinecraftServer/]: Saving chunks for level 'ServerLevel[New World]'/minecraft:the_nether
[28Sep2024 12:45:40.568] [Server thread/ERROR] [net.minecraft.world.level.saveddata.SavedData/]: Could not save data net.minecraft.world.entity.raid.Raids@42ea8037
java.nio.file.AccessDeniedException: .\saves\New World\DIM-1\data\raids.dat8500203571579364758.neoforge-tmp -> .\saves\New World\DIM-1\data\raids.dat
	at java.base/sun.nio.fs.WindowsException.translateToIOException(WindowsException.java:89) ~[?:?]
	at java.base/sun.nio.fs.WindowsException.rethrowAsIOException(WindowsException.java:103) ~[?:?]
	at java.base/sun.nio.fs.WindowsFileCopy.move(WindowsFileCopy.java:328) ~[?:?]
	at java.base/sun.nio.fs.WindowsFileSystemProvider.move(WindowsFileSystemProvider.java:291) ~[?:?]
	at java.base/java.nio.file.Files.move(Files.java:1430) ~[?:?]
	at TRANSFORMER/neoforge@21.1.35/net.neoforged.neoforge.common.IOUtilities.atomicWrite(IOUtilities.java:138) ~[neoforge-21.1.35.jar%23190!/:?]
	at TRANSFORMER/neoforge@21.1.35/net.neoforged.neoforge.common.IOUtilities.writeNbtCompressed(IOUtilities.java:75) ~[neoforge-21.1.35.jar%23190!/:?]
	at TRANSFORMER/minecraft@1.21.1/net.minecraft.world.level.saveddata.SavedData.save(SavedData.java:43) ~[neoforge-21.1.35.jar%23189!/:?]
	at TRANSFORMER/minecraft@1.21.1/net.minecraft.world.level.storage.DimensionDataStorage.lambda$save$0(DimensionDataStorage.java:136) ~[neoforge-21.1.35.jar%23189!/:?]
	at java.base/java.util.HashMap.forEach(HashMap.java:1429) ~[?:?]
	at TRANSFORMER/minecraft@1.21.1/net.minecraft.world.level.storage.DimensionDataStorage.save(DimensionDataStorage.java:134) ~[neoforge-21.1.35.jar%23189!/:?]
	at TRANSFORMER/minecraft@1.21.1/net.minecraft.server.level.ServerLevel.saveLevelData(ServerLevel.java:837) ~[neoforge-21.1.35.jar%23189!/:?]
	at TRANSFORMER/minecraft@1.21.1/net.minecraft.server.level.ServerLevel.save(ServerLevel.java:817) ~[neoforge-21.1.35.jar%23189!/:?]
	at TRANSFORMER/minecraft@1.21.1/net.minecraft.server.MinecraftServer.saveAllChunks(MinecraftServer.java:554) ~[neoforge-21.1.35.jar%23189!/:?]
	at TRANSFORMER/minecraft@1.21.1/net.minecraft.server.MinecraftServer.stopServer(MinecraftServer.java:625) ~[neoforge-21.1.35.jar%23189!/:?]
	at TRANSFORMER/minecraft@1.21.1/net.minecraft.client.server.IntegratedServer.stopServer(IntegratedServer.java:227) ~[neoforge-21.1.35.jar%23189!/:?]
	at TRANSFORMER/minecraft@1.21.1/net.minecraft.server.MinecraftServer.runServer(MinecraftServer.java:748) ~[neoforge-21.1.35.jar%23189!/:?]
	at TRANSFORMER/minecraft@1.21.1/net.minecraft.server.MinecraftServer.lambda$spin$2(MinecraftServer.java:267) ~[neoforge-21.1.35.jar%23189!/:?]
	at java.base/java.lang.Thread.run(Thread.java:1583) [?:?]
[28Sep2024 12:45:40.671] [Server thread/INFO] [net.minecraft.server.MinecraftServer/]: Saving chunks for level 'ServerLevel[New World]'/minecraft:the_end
[28Sep2024 12:45:40.819] [Server thread/DEBUG] [net.neoforged.neoforge.common.CommonHooks/WP]: Gathered mod list to write to world save New World
[28Sep2024 12:45:40.859] [Server thread/INFO] [net.minecraft.server.MinecraftServer/]: ThreadedAnvilChunkStorage (New World): All chunks are saved
[28Sep2024 12:45:40.859] [Server thread/INFO] [net.minecraft.server.MinecraftServer/]: ThreadedAnvilChunkStorage (DIM-1): All chunks are saved
[28Sep2024 12:45:40.859] [Server thread/INFO] [net.minecraft.server.MinecraftServer/]: ThreadedAnvilChunkStorage (DIM1): All chunks are saved
[28Sep2024 12:45:40.859] [Server thread/INFO] [net.minecraft.server.MinecraftServer/]: ThreadedAnvilChunkStorage: All dimensions are saved
[28Sep2024 12:45:41.457] [Server thread/DEBUG] [net.neoforged.fml.config.ConfigTracker/CONFIG]: Unloading configs type SERVER
